Black Separatist,1,AL,2007
Black Separatist,1,AL,2014
Black Separatist,1,AR,2002
Black Separatist,1,AR,2003
Black Separatist,1,AR,2006
Black Separatist,1,AR,2007
Black Separatist,1,AR,2008
Black Separatist,1,AR,2009
Black Separatist,1,AR,2014
Black Separatist,1,AR,2015
Black Separatist,1,AZ,2002
Black Separatist,1,AZ,2006
Black Separatist,1,AZ,2007
Black Separatist,1,AZ,2008
Black Separatist,1,AZ,2009
Black Separatist,1,AZ,2010
Black Separatist,1,AZ,2011
Black Separatist,1,AZ,2012
Black Separatist,1,AZ,2013
Black Separatist,1,AZ,2014
Black Separatist,1,Co,2002
Black Separatist,1,CO,2002
Black Separatist,1,Co,2003
Black Separatist,1,CO,2004
Black Separatist,1,CO,2005
Black Separatist,1,CO,2006
Black Separatist,1,CO,2007
Black Separatist,1,CO,2008
Black Separatist,1,CO,2009
Black Separatist,1,CO,2010
Black Separatist,1,CO,2011
Black Separatist,1,CO,2012
Black Separatist,1,CO,2013
Black Separatist,1,CT,2002
Black Separatist,1,CT,2008
Black Separatist,1,CT,2009
Black Separatist,1,CT,2010
Black Separatist,1,CT,2011
Black Separatist,1,CT,2013
Black Separatist,1,DE,2003
Black Separatist,1,DE,2004
Black Separatist,1,DE,2005
Black Separatist,1,DE,2006
Black Separatist,1,DE,2007
Black Separatist,1,DE,2010
Black Separatist,1,DE,2012
Black Separatist,1,DE,2013
Black Separatist,1,DE,2014
Black Separatist,1,DE,2015
Black Separatist,1,Fl,2003
Black Separatist,1,HI,2003
Black Separatist,1,IA,2003
Black Separatist,1,IA,2004
Black Separatist,1,IA,2005
Black Separatist,1,IL,2000
Black Separatist,1,IL,2001
Black Separatist,1,IL,2008
Black Separatist,1,IN,2002
Black Separatist,1,IN,2003
Black Separatist,1,IN,2004
Black Separatist,1,IN,2005
Black Separatist,1,IN,2006
Black Separatist,1,IN,2007
Black Separatist,1,IN,2008
Black Separatist,1,IN,2009
Black Separatist,1,IN,2011
Black Separatist,1,IN,2013
Black Separatist,1,IN,2014
Black Separatist,1,KS,2012
Black Separatist,1,KS,2015
Black Separatist,1,KY,2001
Black Separatist,1,KY,2002
Black Separatist,1,KY,2003
Black Separatist,1,KY,2004
Black Separatist,1,KY,2005
Black Separatist,1,KY,2006
Black Separatist,1,KY,2007
Black Separatist,1,KY,2011
Black Separatist,1,KY,2013
Black Separatist,1,KY,2014
Black Separatist,1,LA,2000
Black Separatist,1,LA,2001
Black Separatist,1,LA,2013
Black Separatist,1,MD,2000
Black Separatist,1,MD,2001
Black Separatist,1,MD,2002
Black Separatist,1,MD,2006
Black Separatist,1,MD,2007
Black Separatist,1,MI,2007
Black Separatist,1,MN,2003
Black Separatist,1,MN,2008
Black Separatist,1,MN,2009
Black Separatist,1,MN,2010
Black Separatist,1,MN,2011
Black Separatist,1,MN,2012
Black Separatist,1,MN,2013
Black Separatist,1,MN,2014
Black Separatist,1,MN,2015
Black Separatist,1,MS,2000
Black Separatist,1,MS,2001
Black Separatist,1,MS,2002
Black Separatist,1,NC,2001
Black Separatist,1,NE,2003
Black Separatist,1,NE,2008
Black Separatist,1,NE,2009
Black Separatist,1,NE,2014
Black Separatist,1,NE,2015
Black Separatist,1,NV,2000
Black Separatist,1,NV,2001
Black Separatist,1,NV,2006
Black Separatist,1,NV,2007
Black Separatist,1,NV,2008
Black Separatist,1,NV,2009
Black Separatist,1,NV,2011
Black Separatist,1,NV,2012
Black Separatist,1,NV,2013
Black Separatist,1,NV,2015
Black Separatist,1,OH,2001
Black Separatist,1,OK,2002
Black Separatist,1,OK,2003
Black Separatist,1,OK,2004
Black Separatist,1,OK,2005
Black Separatist,1,OK,2006
Black Separatist,1,OK,2009
Black Separatist,1,OR,2009
Black Separatist,1,PA,2002
Black Separatist,1,RI,2003
Black Separatist,1,RI,2004
Black Separatist,1,SC,2013
Black Separatist,1,SC,2014
Black Separatist,1,TN,2000
Black Separatist,1,TN,2001
Black Separatist,1,VA,2005
Black Separatist,1,VA,2006
Black Separatist,1,VA,2007
Black Separatist,1,WA,2002
Black Separatist,1,WA,2003
Black Separatist,1,WA,2009
Black Separatist,1,WI,2001
Black Separatist,1,WI,2002
Black Separatist,1,WI,2003
Black Separatist,1,WI,2004
Black Separatist,1,WI,2005
Black Separatist,1,WI,2006
Black Separatist,1,WI,2007
Black Separatist,1,WI,2008
Black Separatist,1,WI,2009
Black Separatist,1,WI,2010
Black Separatist,1,WI,2011
Black Separatist,1,WI,2012
Black Separatist,1,WI,2014
Black Separatist,1,WI,2015
Black Separatist,1,WV,2015
Black Separatist,10,FL,2010
Black Separatist,10,FL,2013
Black Separatist,10,GA,2006
Black Separatist,10,NJ,2008
Black Separatist,10,PA,2012
Black Separatist,10,PA,2013
Black Separatist,10,PA,2014
Black Separatist,10,TX,2005
Black Separatist,10,TX,2015
Black Separatist,11,CA,2002
Black Separatist,11,FL,2009
Black Separatist,11,FL,2014
Black Separatist,11,NC,2011
Black Separatist,11,NJ,2012
Black Separatist,11,NY,2015
Black Separatist,12,CA,2003
Black Separatist,12,CA,2011
Black Separatist,12,CA,2015
Black Separatist,12,GA,2005
Black Separatist,12,NJ,2010
Black Separatist,14,CA,2010
Black Separatist,14,CA,2012
Black Separatist,14,FL,2012
Black Separatist,14,GA,2004
Black Separatist,14,GA,2015
Black Separatist,15,FL,2011
Black Separatist,16,GA,2003
Black Separatist,2,AL,2000
Black Separatist,2,AL,2001
Black Separatist,2,AL,2005
Black Separatist,2,AL,2006
Black Separatist,2,AL,2011
Black Separatist,2,AL,2013
Black Separatist,2,AR,2004
Black Separatist,2,AR,2005
Black Separatist,2,AR,2011
Black Separatist,2,AZ,2003
Black Separatist,2,AZ,2004
Black Separatist,2,AZ,2005
Black Separatist,2,AZ,2015
Black Separatist,2,CO,2014
Black Separatist,2,CO,2015
Black Separatist,2,CT,2004
Black Separatist,2,CT,2005
Black Separatist,2,CT,2006
Black Separatist,2,CT,2007
Black Separatist,2,DC,2006
Black Separatist,2,FL,2000
Black Separatist,2,FL,2001
Black Separatist,2,FL,2002
Black Separatist,2,FL,2005
Black Separatist,2,FL,2006
Black Separatist,2,IL,2002
Black Separatist,2,IL,2006
Black Separatist,2,IL,2007
Black Separatist,2,IL,2010
Black Separatist,2,IN,2010
Black Separatist,2,IN,2015
Black Separatist,2,KY,2009
Black Separatist,2,KY,2010
Black Separatist,2,KY,2015
Black Separatist,2,LA,2012
Black Separatist,2,LA,2014
Black Separatist,2,MA,2002
Black Separatist,2,MA,2006
Black Separatist,2,MA,2007
Black Separatist,2,MA,2010
Black Separatist,2,MA,2011
Black Separatist,2,MA,2012
Black Separatist,2,MA,2013
Black Separatist,2,MD,2003
Black Separatist,2,MD,2004
Black Separatist,2,MD,2005
Black Separatist,2,MD,2008
Black Separatist,2,MD,2009
Black Separatist,2,MD,2012
Black Separatist,2,MD,2013
Black Separatist,2,MD,2014
Black Separatist,2,MI,2000
Black Separatist,2,MI,2001
Black Separatist,2,MI,2002
Black Separatist,2,MI,2003
Black Separatist,2,MI,2004
Black Separatist,2,MI,2006
Black Separatist,2,MI,2008
Black Separatist,2,MI,2013
Black Separatist,2,MI,2014
Black Separatist,2,MO,2000
Black Separatist,2,MO,2001
Black Separatist,2,MO,2002
Black Separatist,2,MO,2006
Black Separatist,2,MO,2007
Black Separatist,2,MS,2004
Black Separatist,2,MS,2005
Black Separatist,2,MS,2006
Black Separatist,2,MS,2007
Black Separatist,2,MS,2008
Black Separatist,2,MS,2009
Black Separatist,2,MS,2012
Black Separatist,2,MS,2013
Black Separatist,2,NE,2010
Black Separatist,2,NE,2011
Black Separatist,2,NE,2012
Black Separatist,2,NE,2013
Black Separatist,2,NV,2002
Black Separatist,2,NV,2003
Black Separatist,2,NV,2004
Black Separatist,2,NV,2005
Black Separatist,2,NV,2010
Black Separatist,2,OH,2011
Black Separatist,2,OR,2008
Black Separatist,2,OR,2013
Black Separatist,2,OR,2014
Black Separatist,2,PA,2001
Black Separatist,2,SC,2000
Black Separatist,2,SC,2001
Black Separatist,2,SC,2002
Black Separatist,2,SC,2003
Black Separatist,2,SC,2004
Black Separatist,2,SC,2006
Black Separatist,2,SC,2007
Black Separatist,2,SC,2008
Black Separatist,2,SC,2011
Black Separatist,2,SC,2015
Black Separatist,2,TN,2002
Black Separatist,2,TN,2006
Black Separatist,2,TN,2007
Black Separatist,2,TN,2008
Black Separatist,2,TN,2009
Black Separatist,2,TN,2014
Black Separatist,2,VA,2000
Black Separatist,2,VA,2001
Black Separatist,2,VA,2002
Black Separatist,2,VA,2004
Black Separatist,2,VA,2008
Black Separatist,2,VA,2009
Black Separatist,2,VA,2010
Black Separatist,2,VA,2011
Black Separatist,2,VA,2012
Black Separatist,2,VA,2013
Black Separatist,2,VA,2014
Black Separatist,2,WA,2010
Black Separatist,2,WA,2011
Black Separatist,2,WA,2012
Black Separatist,22,FL,2015
Black Separatist,3,AL,2002
Black Separatist,3,AL,2004
Black Separatist,3,AL,2008
Black Separatist,3,AR,2010
Black Separatist,3,AR,2012
Black Separatist,3,AR,2013
Black Separatist,3,CT,2012
Black Separatist,3,DC,2004
Black Separatist,3,DC,2005
Black Separatist,3,DC,2007
Black Separatist,3,DC,2009
Black Separatist,3,DC,2011
Black Separatist,3,FL,2004
Black Separatist,3,FL,2007
Black Separatist,3,GA,2000
Black Separatist,3,GA,2001
Black Separatist,3,IL,2004
Black Separatist,3,IL,2005
Black Separatist,3,IN,2012
Black Separatist,3,LA,2002
Black Separatist,3,LA,2010
Black Separatist,3,MA,2000
Black Separatist,3,MA,2001
Black Separatist,3,MA,2003
Black Separatist,3,MA,2004
Black Separatist,3,MA,2005
Black Separatist,3,MA,2008
Black Separatist,3,MA,2009
Black Separatist,3,MA,2014
Black Separatist,3,MD,2010
Black Separatist,3,MD,2015
Black Separatist,3,MI,2005
Black Separatist,3,MI,2011
Black Separatist,3,MO,2003
Black Separatist,3,MO,2004
Black Separatist,3,MO,2005
Black Separatist,3,MO,2011
Black Separatist,3,MO,2012
Black Separatist,3,MO,2013
Black Separatist,3,MS,2010
Black Separatist,3,MS,2014
Black Separatist,3,MS,2015
Black Separatist,3,NC,2000
Black Separatist,3,NY,2002
Black Separatist,3,NY,2005
Black Separatist,3,NY,2006
Black Separatist,3,NY,2007
Black Separatist,3,OH,2006
Black Separatist,3,OH,2007
Black Separatist,3,OH,2008
Black Separatist,3,OH,2014
Black Separatist,3,OK,2015
Black Separatist,3,OR,2011
Black Separatist,3,OR,2012
Black Separatist,3,OR,2015
Black Separatist,3,PA,2000
Black Separatist,3,SC,2005
Black Separatist,3,SC,2009
Black Separatist,3,SC,2010
Black Separatist,3,SC,2012
Black Separatist,3,TN,2005
Black Separatist,3,TN,2010
Black Separatist,3,TN,2011
Black Separatist,3,TN,2012
Black Separatist,3,VA,2003
Black Separatist,4,AL,2012
Black Separatist,4,AL,2015
Black Separatist,4,CA,2000
Black Separatist,4,CT,2003
Black Separatist,4,DC,2008
Black Separatist,4,DC,2010
Black Separatist,4,DC,2012
Black Separatist,4,DC,2013
Black Separatist,4,DC,2014
Black Separatist,4,IL,2003
Black Separatist,4,LA,2003
Black Separatist,4,MA,2015
Black Separatist,4,MD,2011
Black Separatist,4,MO,2008
Black Separatist,4,MO,2014
Black Separatist,4,MS,2003
Black Separatist,4,NJ,2000
Black Separatist,4,NJ,2001
Black Separatist,4,NJ,2002
Black Separatist,4,NY,2000
Black Separatist,4,NY,2001
Black Separatist,4,NY,2012
Black Separatist,4,OH,2004
Black Separatist,4,OH,2009
Black Separatist,4,OH,2013
Black Separatist,4,OK,2010
Black Separatist,4,OK,2012
Black Separatist,4,OK,2014
Black Separatist,4,OR,2010
Black Separatist,4,PA,2004
Black Separatist,4,PA,2005
Black Separatist,4,PA,2006
Black Separatist,4,PA,2007
Black Separatist,4,TN,2004
Black Separatist,4,TN,2013
Black Separatist,4,TN,2015
Black Separatist,4,TX,2000
Black Separatist,4,TX,2001
Black Separatist,5,AL,2003
Black Separatist,5,AL,2009
Black Separatist,5,AL,2010
Black Separatist,5,CA,2007
Black Separatist,5,CA,2014
Black Separatist,5,DC,2015
Black Separatist,5,GA,2008
Black Separatist,5,GA,2014
Black Separatist,5,IL,2009
Black Separatist,5,IL,2011
Black Separatist,5,IL,2013
Black Separatist,5,LA,2004
Black Separatist,5,LA,2007
Black Separatist,5,LA,2009
Black Separatist,5,LA,2015
Black Separatist,5,MI,2009
Black Separatist,5,MI,2012
Black Separatist,5,MO,2009
Black Separatist,5,MO,2010
Black Separatist,5,NC,2005
Black Separatist,5,NC,2006
Black Separatist,5,NC,2007
Black Separatist,5,NJ,2005
Black Separatist,5,NY,2004
Black Separatist,5,OH,2002
Black Separatist,5,OH,2010
Black Separatist,5,OK,2011
Black Separatist,5,OK,2013
Black Separatist,5,PA,2003
Black Separatist,5,TN,2003
Black Separatist,5,TX,2009
Black Separatist,5,TX,2011
Black Separatist,5,VA,2015
Black Separatist,6,CA,2008
Black Separatist,6,FL,2003
Black Separatist,6,GA,2002
Black Separatist,6,GA,2010
Black Separatist,6,GA,2013
Black Separatist,6,IL,2014
Black Separatist,6,LA,2008
Black Separatist,6,MI,2015
Black Separatist,6,MO,2015
Black Separatist,6,MS,2011
Black Separatist,6,NC,2002
Black Separatist,6,NC,2003
Black Separatist,6,NC,2004
Black Separatist,6,NJ,2006
Black Separatist,6,NJ,2007
Black Separatist,6,NY,2013
Black Separatist,6,OK,2008
Black Separatist,6,TX,2002
Black Separatist,6,TX,2004
Black Separatist,6,TX,2014
Black Separatist,7,CA,2001
Black Separatist,7,CA,2009
Black Separatist,7,CA,2013
Black Separatist,7,GA,2009
Black Separatist,7,GA,2011
Black Separatist,7,IL,2012
Black Separatist,7,LA,2005
Black Separatist,7,LA,2006
Black Separatist,7,LA,2011
Black Separatist,7,NC,2008
Black Separatist,7,NJ,2003
Black Separatist,7,NJ,2004
Black Separatist,7,NJ,2009
Black Separatist,7,NJ,2013
Black Separatist,7,NY,2003
Black Separatist,7,NY,2008
Black Separatist,7,NY,2010
Black Separatist,7,NY,2011
Black Separatist,7,OH,2003
Black Separatist,7,OH,2005
Black Separatist,7,OH,2012
Black Separatist,7,PA,2009
Black Separatist,7,TX,2007
Black Separatist,7,TX,2008
Black Separatist,7,TX,2012
Black Separatist,7,TX,2013
Black Separatist,8,CA,2005
Black Separatist,8,CA,2006
Black Separatist,8,IL,2015
Black Separatist,8,MI,2010
Black Separatist,8,NC,2009
Black Separatist,8,NC,2010
Black Separatist,8,NC,2013
Black Separatist,8,NC,2014
Black Separatist,8,NJ,2014
Black Separatist,8,NJ,2015
Black Separatist,8,PA,2011
Black Separatist,8,PA,2015
Black Separatist,8,TX,2003
Black Separatist,8,TX,2010
Black Separatist,9,CA,2004
Black Separatist,9,FL,2008
Black Separatist,9,GA,2007
Black Separatist,9,GA,2012
Black Separatist,9,NC,2012
Black Separatist,9,NC,2015
Black Separatist,9,NJ,2011
Black Separatist,9,NY,2009
Black Separatist,9,NY,2014
Black Separatist,9,OH,2015
Black Separatist,9,PA,2008
Black Separatist,9,PA,2010
Black Separatist,9,TX,2006
Christian Identity,1,AL,2007
Christian Identity,1,AL,2008
Christian Identity,1,AL,2009
Christian Identity,1,AL,2010
Christian Identity,1,AL,2012
Christian Identity,1,AZ,2004
Christian Identity,1,AZ,2005
Christian Identity,1,AZ,2006
Christian Identity,1,AZ,2007
Christian Identity,1,AZ,2008
Christian Identity,1,AZ,2011
Christian Identity,1,AZ,2012
Christian Identity,1,CA,2004
Christian Identity,1,CA,2005
Christian Identity,1,CA,2009
Christian Identity,1,CA,2011
Christian Identity,1,CA,2012
Christian Identity,1,CO,2004
Christian Identity,1,CO,2005
Christian Identity,1,CO,2006
Christian Identity,1,CO,2007
Christian Identity,1,CO,2008
Christian Identity,1,CO,2010
Christian Identity,1,CO,2011
Christian Identity,1,CO,2012
Christian Identity,1,CO,2013
Christian Identity,1,CO,2014
Christian Identity,1,CO,2015
Christian Identity,1,FL,2005
Christian Identity,1,FL,2006
Christian Identity,1,FL,2007
Christian Identity,1,GA,2005
Christian Identity,1,GA,2010
Christian Identity,1,GA,2013
Christian Identity,1,GA,2014
Christian Identity,1,GA,2015
Christian Identity,1,ID,2009
Christian Identity,1,ID,2013
Christian Identity,1,ID,2014
Christian Identity,1,ID,2015
Christian Identity,1,IL,2005
Christian Identity,1,IL,2006
Christian Identity,1,IL,2007
Christian Identity,1,IL,2008
Christian Identity,1,IL,2009
Christian Identity,1,IL,2010
Christian Identity,1,IL,2011
Christian Identity,1,IL,2012
Christian Identity,1,IL,2013
Christian Identity,1,IN,2010
Christian Identity,1,IN,2011
Christian Identity,1,KY,2006
Christian Identity,1,KY,2007
Christian Identity,1,KY,2008
Christian Identity,1,KY,2009
Christian Identity,1,LA,2004
Christian Identity,1,LA,2005
Christian Identity,1,LA,2006
Christian Identity,1,LA,2007
Christian Identity,1,LA,2008
Christian Identity,1,LA,2010
Christian Identity,1,LA,2011
Christian Identity,1,LA,2012
Christian Identity,1,LA,2013
Christian Identity,1,LA,2014
Christian Identity,1,LA,2015
Christian Identity,1,MI,2013
Christian Identity,1,MI,2014
Christian Identity,1,MI,2015
Christian Identity,1,MN,2007
Christian Identity,1,MN,2008
Christian Identity,1,MN,2009
Christian Identity,1,MN,2010
Christian Identity,1,MN,2013
Christian Identity,1,MN,2014
Christian Identity,1,MN,2015
Christian Identity,1,MO,2007
Christian Identity,1,MO,2008
Christian Identity,1,MS,2006
Christian Identity,1,MS,2007
Christian Identity,1,MT,2004
Christian Identity,1,MT,2005
Christian Identity,1,MT,2006
Christian Identity,1,MT,2007
Christian Identity,1,MT,2008
Christian Identity,1,MT,2009
Christian Identity,1,NE,2004
Christian Identity,1,NE,2005
Christian Identity,1,NE,2006
Christian Identity,1,NE,2007
Christian Identity,1,NE,2008
Christian Identity,1,NE,2009
Christian Identity,1,NE,2010
Christian Identity,1,NE,2011
Christian Identity,1,NE,2012
Christian Identity,1,NE,2013
Christian Identity,1,NE,2014
Christian Identity,1,NE,2015
Christian Identity,1,NJ,2008
Christian Identity,1,NJ,2009
Christian Identity,1,NM,2010
Christian Identity,1,NM,2011
Christian Identity,1,NM,2012
Christian Identity,1,NM,2013
Christian Identity,1,NM,2014
Christian Identity,1,NY,2008
Christian Identity,1,NY,2009
Christian Identity,1,OH,2004
Christian Identity,1,OH,2009
Christian Identity,1,OH,2010
Christian Identity,1,OH,2014
Christian Identity,1,OH,2015
Christian Identity,1,OK,2004
Christian Identity,1,OK,2005
Christian Identity,1,OK,2006
Christian Identity,1,OR,2007
Christian Identity,1,OR,2008
Christian Identity,1,OR,2009
Christian Identity,1,OR,2011
Christian Identity,1,OR,2012
Christian Identity,1,OR,2013
Christian Identity,1,PA,2006
Christian Identity,1,PA,2013
Christian Identity,1,TN,2010
Christian Identity,1,TN,2011
Christian Identity,1,TN,2012
Christian Identity,1,TX,2014
Christian Identity,1,UT,2011
Christian Identity,1,UT,2012
Christian Identity,1,VA,2005
Christian Identity,1,VA,2006
Christian Identity,1,VA,2007
Christian Identity,1,VA,2008
Christian Identity,1,VA,2009
Christian Identity,1,VA,2010
Christian Identity,1,VA,2011
Christian Identity,1,VA,2012
Christian Identity,1,VA,2013
Christian Identity,1,VA,2014
Christian Identity,1,VA,2015
Christian Identity,1,WA,2004
Christian Identity,1,WA,2005
Christian Identity,1,WA,2006
Christian Identity,1,WA,2007
Christian Identity,1,WA,2010
Christian Identity,1,WA,2013
Christian Identity,1,WA,2014
Christian Identity,1,WA,2015
Christian Identity,1,WI,2005
Christian Identity,1,WI,2006
Christian Identity,1,WI,2007
Christian Identity,1,WI,2008
Christian Identity,1,WI,2011
Christian Identity,1,WI,2012
Christian Identity,2,AR,2010
Christian Identity,2,AR,2011
Christian Identity,2,AR,2012
Christian Identity,2,AR,2013
Christian Identity,2,CO,2009
Christian Identity,2,FL,2008
Christian Identity,2,FL,2009
Christian Identity,2,FL,2011
Christian Identity,2,FL,2012
Christian Identity,2,GA,2009
Christian Identity,2,GA,2011
Christian Identity,2,GA,2012
Christian Identity,2,ID,2004
Christian Identity,2,ID,2005
Christian Identity,2,ID,2006
Christian Identity,2,ID,2008
Christian Identity,2,ID,2010
Christian Identity,2,IL,2014
Christian Identity,2,IL,2015
Christian Identity,2,IN,2012
Christian Identity,2,KY,2004
Christian Identity,2,KY,2005
Christian Identity,2,KY,2010
Christian Identity,2,KY,2011
Christian Identity,2,KY,2012
Christian Identity,2,KY,2013
Christian Identity,2,KY,2014
Christian Identity,2,KY,2015
Christian Identity,2,LA,2009
Christian Identity,2,MI,2004
Christian Identity,2,MI,2007
Christian Identity,2,MI,2008
Christian Identity,2,MI,2009
Christian Identity,2,MI,2010
Christian Identity,2,MI,2012
Christian Identity,2,MN,2004
Christian Identity,2,MN,2005
Christian Identity,2,MN,2006
Christian Identity,2,MO,2004
Christian Identity,2,MO,2006
Christian Identity,2,MO,2012
Christian Identity,2,MO,2013
Christian Identity,2,MO,2014
Christian Identity,2,MO,2015
Christian Identity,2,NC,2005
Christian Identity,2,NC,2006
Christian Identity,2,NC,2007
Christian Identity,2,NC,2008
Christian Identity,2,ND,2011
Christian Identity,2,ND,2012
Christian Identity,2,NV,2011
Christian Identity,2,NV,2012
Christian Identity,2,OH,2011
Christian Identity,2,OH,2012
Christian Identity,2,OH,2013
Christian Identity,2,TN,2004
Christian Identity,2,TN,2005
Christian Identity,2,TN,2006
Christian Identity,2,TN,2008
Christian Identity,2,TN,2009
Christian Identity,2,TX,2004
Christian Identity,2,TX,2010
Christian Identity,2,VA,2004
Christian Identity,2,WA,2008
Christian Identity,3,AR,2004
Christian Identity,3,AR,2005
Christian Identity,3,AR,2009
Christian Identity,3,AR,2014
Christian Identity,3,AR,2015
Christian Identity,3,GA,2006
Christian Identity,3,GA,2007
Christian Identity,3,GA,2008
Christian Identity,3,ID,2007
Christian Identity,3,MI,2005
Christian Identity,3,MI,2006
Christian Identity,3,MI,2011
Christian Identity,3,MN,2011
Christian Identity,3,MN,2012
Christian Identity,3,MO,2005
Christian Identity,3,MO,2009
Christian Identity,3,MO,2010
Christian Identity,3,MT,2011
Christian Identity,3,MT,2012
Christian Identity,3,TN,2007
Christian Identity,3,TX,2005
Christian Identity,3,TX,2006
Christian Identity,3,TX,2007
Christian Identity,3,TX,2008
Christian Identity,3,TX,2009
Christian Identity,3,TX,2013
Christian Identity,3,WA,2009
Christian Identity,3,WA,2011
Christian Identity,4,AR,2006
Christian Identity,4,AR,2007
Christian Identity,4,MO,2011
Christian Identity,4,TN,2013
Christian Identity,4,WA,2012
Christian Identity,5,TX,2011
Christian Identity,5,TX,2012
Christian Identity,6,AR,2008
Christian Identity,6,ID,2012
Christian Identity,7,ID,2011
Christian Identity,9,IN,2013
General Hate,1,AZ,2008
General Hate,1,CO,2015
General Hate,1,DC,2008
General Hate,1,DC,2010
General Hate,1,ID,2008
General Hate,1,ID,2015
General Hate,1,IL,2008
General Hate,1,IL,2011
General Hate,1,IN,2010
General Hate,1,IN,2011
General Hate,1,MA,2008
General Hate,1,MA,2015
General Hate,1,MD,2011
General Hate,1,MD,2015
General Hate,1,MI,2008
General Hate,1,MI,2010
General Hate,1,MI,2011
General Hate,1,MO,2010
General Hate,1,MO,2011
General Hate,1,MO,2015
General Hate,1,NV,2010
General Hate,1,NV,2011
General Hate,1,NV,2015
General Hate,1,OH,2011
General Hate,1,OH,2015
General Hate,1,OK,2008
General Hate,1,OK,2010
General Hate,1,OK,2011
General Hate,1,OK,2015
General Hate,1,OR,2008
General Hate,1,OR,2010
General Hate,1,OR,2011
General Hate,1,PA,2008
General Hate,1,SC,2008
General Hate,1,SD,2008
General Hate,1,SD,2010
General Hate,1,TN,2011
General Hate,1,TN,2015
General Hate,1,UT,2008
General Hate,1,UT,2010
General Hate,1,UT,2011
General Hate,1,UT,2015
General Hate,1,WI,2015
General Hate,1,WV,2010
General Hate,1,WV,2011
General Hate,11,CA,2015
General Hate,16,CA,2011
General Hate,2,AR,2008
General Hate,2,CO,2011
General Hate,2,FL,2008
General Hate,2,GA,2015
General Hate,2,IL,2010
General Hate,2,LA,2010
General Hate,2,LA,2011
General Hate,2,NM,2015
General Hate,2,OR,2015
General Hate,2,PA,2011
General Hate,2,SC,2010
General Hate,2,SC,2011
General Hate,2,SD,2011
General Hate,2,SD,2015
General Hate,21,GA,2011
General Hate,3,AZ,2010
General Hate,3,AZ,2011
General Hate,3,AZ,2015
General Hate,3,DC,2011
General Hate,3,DC,2015
General Hate,3,NY,2008
General Hate,3,NY,2011
General Hate,3,NY,2015
General Hate,3,PA,2015
General Hate,3,TX,2008
General Hate,3,TX,2015
General Hate,4,AR,2015
General Hate,4,CO,2008
General Hate,4,CO,2010
General Hate,4,FL,2010
General Hate,4,FL,2011
General Hate,4,FL,2015
General Hate,4,NY,2010
General Hate,4,TX,2010
General Hate,4,TX,2011
General Hate,5,AR,2010
General Hate,5,AR,2011
General Hate,7,CA,2008
General Hate,7,CA,2010
Identity,1,AL,2001
Identity,1,AZ,2002
Identity,1,AZ,2003
Identity,1,CA,2003
Identity,1,CO,2001
Identity,1,CO,2002
Identity,1,CO,2003
Identity,1,FL,2000
Identity,1,LA,2003
Identity,1,MI,2000
Identity,1,MI,2001
Identity,1,MN,2001
Identity,1,MO,2001
Identity,1,MT,2000
Identity,1,MT,2001
Identity,1,MT,2002
Identity,1,MT,2003
Identity,1,NE,2000
Identity,1,NE,2001
Identity,1,NE,2002
Identity,1,NE,2003
Identity,1,NM,2000
Identity,1,NM,2001
Identity,1,OH,2002
Identity,1,OH,2003
Identity,1,OK,2002
Identity,1,OK,2003
Identity,1,PA,2000
Identity,1,PA,2001
Identity,1,SC,2003
Identity,2,CA,2000
Identity,2,CO,2000
Identity,2,FL,2001
Identity,2,ID,2002
Identity,2,ID,2003
Identity,2,KY,2000
Identity,2,KY,2001
Identity,2,KY,2002
Identity,2,KY,2003
Identity,2,MI,2002
Identity,2,MI,2003
Identity,2,MN,2002
Identity,2,MN,2003
Identity,2,MO,2000
Identity,2,MO,2003
Identity,2,NC,2000
Identity,2,OK,2000
Identity,2,OK,2001
Identity,2,TN,2001
Identity,2,TN,2002
Identity,2,TN,2003
Identity,2,TX,2000
Identity,2,TX,2001
Identity,2,TX,2002
Identity,2,TX,2003
Identity,2,VA,2000
Identity,2,VA,2001
Identity,2,VA,2002
Identity,2,VA,2003
Identity,2,WA,2003
Identity,3,AR,2000
Identity,3,AR,2001
Identity,3,WA,2000
Identity,3,WA,2001
Identity,3,WA,2002
Identity,4,AR,2002
Identity,4,AR,2003
Identity,4,ID,2000
Identity,4,ID,2001
KKK,1,Al,2001
KKK,1,AZ,2003
KKK,1,AZ,2004
KKK,1,AZ,2005
KKK,1,AZ,2007
KKK,1,AZ,2008
KKK,1,AZ,2009
KKK,1,AZ,2011
KKK,1,AZ,2012
KKK,1,AZ,2013
KKK,1,CA,2000
KKK,1,CA,2001
KKK,1,CO,2004
KKK,1,CO,2005
KKK,1,CO,2006
KKK,1,CO,2007
KKK,1,CO,2012
KKK,1,CO,2014
KKK,1,CO,2015
KKK,1,CT,2001
KKK,1,CT,2002
KKK,1,CT,2003
KKK,1,CT,2010
KKK,1,CT,2011
KKK,1,CT,2013
KKK,1,CT,2015
KKK,1,DC,2004
KKK,1,DC,2005
KKK,1,DC,2006
KKK,1,DC,2010
KKK,1,DC,2015
KKK,1,DE,2000
KKK,1,DE,2008
KKK,1,DE,2009
KKK,1,DE,2010
KKK,1,DE,2011
KKK,1,DE,2012
KKK,1,DE,2013
KKK,1,IA,2001
KKK,1,IA,2002
KKK,1,IA,2003
KKK,1,IA,2004
KKK,1,IA,2015
KKK,1,ID,2010
KKK,1,ID,2011
KKK,1,IL,2000
KKK,1,KS,2000
KKK,1,KS,2001
KKK,1,KS,2002
KKK,1,KS,2003
KKK,1,KS,2004
KKK,1,KS,2005
KKK,1,KS,2008
KKK,1,KS,2009
KKK,1,KS,2010
KKK,1,KS,2013
KKK,1,MA,2005
KKK,1,MA,2008
KKK,1,MA,2010
KKK,1,MA,2013
KKK,1,MD,2001
KKK,1,MD,2002
KKK,1,MD,2007
KKK,1,ME,2013
KKK,1,ME,2014
KKK,1,ME,2015
KKK,1,MI,2001
KKK,1,MN,2006
KKK,1,MN,2008
KKK,1,MN,2009
KKK,1,MN,2011
KKK,1,MN,2013
KKK,1,MN,2015
KKK,1,MO,2002
KKK,1,MO,2005
KKK,1,MO,2014
KKK,1,MT,2003
KKK,1,MT,2010
KKK,1,MT,2013
KKK,1,NE,2001
KKK,1,NE,2002
KKK,1,NE,2003
KKK,1,NE,2004
KKK,1,NE,2005
KKK,1,NE,2006
KKK,1,NE,2007
KKK,1,NE,2008
KKK,1,NE,2013
KKK,1,NH,2005
KKK,1,NH,2006
KKK,1,NH,2007
KKK,1,NH,2009
KKK,1,NH,2010
KKK,1,NH,2012
KKK,1,NH,2013
KKK,1,NH,2015
KKK,1,NJ,2003
KKK,1,NJ,2008
KKK,1,NJ,2013
KKK,1,NJ,2014
KKK,1,NJ,2015
KKK,1,NM,2009
KKK,1,NM,2011
KKK,1,NM,2012
KKK,1,NM,2015
KKK,1,NV,2003
KKK,1,NV,2006
KKK,1,NV,2007
KKK,1,NV,2008
KKK,1,NV,2010
KKK,1,NV,2011
KKK,1,NV,2013
KKK,1,NV,2014
KKK,1,NY,2008
KKK,1,NY,2011
KKK,1,NY,2012
KKK,1,NY,2014
KKK,1,OR,2005
KKK,1,OR,2009
KKK,1,OR,2010
KKK,1,OR,2011
KKK,1,PA,2009
KKK,1,RI,2012
KKK,1,RI,2013
KKK,1,RI,2015
KKK,1,SC,2002
KKK,1,SD,2010
KKK,1,TX,2007
KKK,1,UT,2008
KKK,1,UT,2009
KKK,1,UT,2013
KKK,1,VA,2014
KKK,1,VT,2004
KKK,1,VT,2007
KKK,1,VT,2013
KKK,1,VT,2015
KKK,1,WA,2002
KKK,1,WA,2006
KKK,1,WA,2009
KKK,1,WA,2010
KKK,1,WI,2001
KKK,1,WI,2009
KKK,1,WI,2010
KKK,1,WI,2012
KKK,1,WV,2001
KKK,1,WV,2007
KKK,10,AR,2004
KKK,10,GA,2010
KKK,10,GA,2013
KKK,10,NC,2004
KKK,10,NC,2013
KKK,10,OH,2003
KKK,10,OH,2007
KKK,10,OK,2015
KKK,10,TX,2001
KKK,10,TX,2004
KKK,11,AR,2003
KKK,11,FL,2005
KKK,11,GA,2003
KKK,11,GA,2012
KKK,11,MS,2006
KKK,11,MS,2007
KKK,11,MS,2013
KKK,11,OH,2004
KKK,11,OH,2005
KKK,11,TN,2003
KKK,11,TN,2013
KKK,12,AL,2001
KKK,12,AL,2008
KKK,12,IA,2009
KKK,12,LA,2010
KKK,12,OH,2006
KKK,12,TN,2007
KKK,12,TN,2014
KKK,12,TX,2005
KKK,13,AL,2002
KKK,13,GA,2011
KKK,13,TN,2004
KKK,13,TX,2006
KKK,14,TN,2006
KKK,15,MS,2010
KKK,15,MS,2011
KKK,15,TN,2009
KKK,15,TN,2010
KKK,16,TN,2005
KKK,16,TN,2015
KKK,17,MS,2012
KKK,18,AL,2000
KKK,18,TX,2002
KKK,19,TX,2007
KKK,2,AZ,2015
KKK,2,CA,2002
KKK,2,CA,2009
KKK,2,CA,2011
KKK,2,CA,2013
KKK,2,CO,2009
KKK,2,CO,2010
KKK,2,CO,2011
KKK,2,CO,2013
KKK,2,CT,2008
KKK,2,CT,2009
KKK,2,DE,2015
KKK,2,FL,2000
KKK,2,FL,2001
KKK,2,FL,2014
KKK,2,GA,2000
KKK,2,GA,2001
KKK,2,GA,2014
KKK,2,IA,2005
KKK,2,IA,2006
KKK,2,IA,2007
KKK,2,IA,2010
KKK,2,IA,2011
KKK,2,IA,2012
KKK,2,IL,2002
KKK,2,IL,2003
KKK,2,IL,2014
KKK,2,LA,2014
KKK,2,MA,2009
KKK,2,MD,2003
KKK,2,MD,2005
KKK,2,MD,2006
KKK,2,MD,2012
KKK,2,MD,2013
KKK,2,MD,2014
KKK,2,MD,2015
KKK,2,MO,2003
KKK,2,MO,2006
KKK,2,MO,2015
KKK,2,MT,2012
KKK,2,MT,2014
KKK,2,NC,2007
KKK,2,ND,2010
KKK,2,NE,2010
KKK,2,NJ,2004
KKK,2,NJ,2005
KKK,2,NJ,2009
KKK,2,NJ,2010
KKK,2,NM,2010
KKK,2,NM,2013
KKK,2,NV,2009
KKK,2,NY,2000
KKK,2,NY,2007
KKK,2,NY,2009
KKK,2,NY,2013
KKK,2,OH,2014
KKK,2,OK,2000
KKK,2,OK,2001
KKK,2,OK,2002
KKK,2,OK,2011
KKK,2,RI,2008
KKK,2,RI,2009
KKK,2,RI,2010
KKK,2,SC,2007
KKK,2,SC,2009
KKK,2,SC,2012
KKK,2,SC,2014
KKK,2,SD,2012
KKK,2,UT,2010
KKK,2,VT,2006
KKK,2,VT,2008
KKK,2,VT,2010
KKK,2,WA,2000
KKK,2,WA,2005
KKK,2,WA,2007
KKK,2,WA,2008
KKK,2,WA,2012
KKK,2,WI,2002
KKK,2,WI,2005
KKK,2,WI,2008
KKK,2,WV,2002
KKK,2,WV,2013
KKK,2,WY,2008
KKK,20,TN,2008
KKK,21,TX,2013
KKK,23,TX,2010
KKK,24,TX,2003
KKK,24,TX,2008
KKK,26,TX,2009
KKK,26,TX,2012
KKK,3,AL,2005
KKK,3,AL,2006
KKK,3,AL,2007
KKK,3,AZ,2010
KKK,3,CA,2003
KKK,3,CA,2010
KKK,3,CA,2015
KKK,3,IA,2013
KKK,3,IL,2001
KKK,3,IL,2015
KKK,3,IN,2015
KKK,3,KY,2003
KKK,3,KY,2012
KKK,3,MD,2004
KKK,3,MD,2009
KKK,3,MD,2011
KKK,3,MI,2002
KKK,3,MI,2008
KKK,3,MI,2013
KKK,3,MO,2004
KKK,3,MO,2012
KKK,3,MS,2014
KKK,3,NJ,2006
KKK,3,NJ,2007
KKK,3,NY,2001
KKK,3,NY,2003
KKK,3,NY,2004
KKK,3,NY,2005
KKK,3,NY,2006
KKK,3,NY,2010
KKK,3,NY,2015
KKK,3,OK,2003
KKK,3,OR,2006
KKK,3,OR,2007
KKK,3,SC,2003
KKK,3,SC,2004
KKK,3,SC,2013
KKK,3,TN,2000
KKK,3,VA,2007
KKK,3,VA,2008
KKK,3,WI,2000
KKK,3,WI,2003
KKK,3,WI,2004
KKK,3,WI,2006
KKK,3,WI,2007
KKK,3,WV,2003
KKK,3,WV,2004
KKK,3,WV,2005
KKK,3,WV,2006
KKK,3,WV,2009
KKK,3,WV,2012
KKK,3,WV,2014
KKK,3,WY,2009
KKK,3,WY,2010
KKK,4,AR,2007
KKK,4,AR,2008
KKK,4,FL,2007
KKK,4,FL,2008
KKK,4,FL,2012
KKK,4,GA,2015
KKK,4,IL,2006
KKK,4,IL,2007
KKK,4,IL,2008
KKK,4,IN,2002
KKK,4,IN,2004
KKK,4,IN,2014
KKK,4,KY,2000
KKK,4,KY,2001
KKK,4,KY,2009
KKK,4,KY,2013
KKK,4,KY,2014
KKK,4,KY,2015
KKK,4,LA,2013
KKK,4,MD,2008
KKK,4,MI,2003
KKK,4,MI,2011
KKK,4,MO,2001
KKK,4,MO,2008
KKK,4,MO,2011
KKK,4,NC,2000
KKK,4,NC,2014
KKK,4,OK,2013
KKK,4,PA,2001
KKK,4,PA,2004
KKK,4,PA,2005
KKK,4,PA,2006
KKK,4,PA,2008
KKK,4,PA,2012
KKK,4,PA,2014
KKK,4,SC,2001
KKK,4,SC,2008
KKK,4,SC,2010
KKK,4,SC,2015
KKK,4,VA,2002
KKK,4,VA,2003
KKK,4,VA,2006
KKK,4,VA,2013
KKK,4,WV,2015
KKK,5,AL,2014
KKK,5,AR,2001
KKK,5,AR,2009
KKK,5,AR,2012
KKK,5,AR,2014
KKK,5,CA,2004
KKK,5,FL,2002
KKK,5,FL,2006
KKK,5,FL,2010
KKK,5,FL,2015
KKK,5,IL,2004
KKK,5,IL,2011
KKK,5,IL,2012
KKK,5,IN,2001
KKK,5,IN,2008
KKK,5,IN,2009
KKK,5,IN,2012
KKK,5,KY,2002
KKK,5,KY,2011
KKK,5,LA,2000
KKK,5,LA,2011
KKK,5,MD,2010
KKK,5,MI,2004
KKK,5,MI,2006
KKK,5,MI,2007
KKK,5,MI,2009
KKK,5,MI,2012
KKK,5,MO,2000
KKK,5,MO,2010
KKK,5,MO,2013
KKK,5,NC,2001
KKK,5,NC,2003
KKK,5,NC,2010
KKK,5,NC,2012
KKK,5,OH,2002
KKK,5,OH,2013
KKK,5,OH,2015
KKK,5,PA,2002
KKK,5,PA,2003
KKK,5,PA,2007
KKK,5,PA,2010
KKK,5,PA,2011
KKK,5,SC,2000
KKK,5,SC,2005
KKK,5,SC,2006
KKK,5,SC,2011
KKK,5,TX,2000
KKK,5,TX,2014
KKK,5,VA,2009
KKK,5,WV,2010
KKK,52,TX,2015
KKK,6,AL,2009
KKK,6,AL,2013
KKK,6,AR,2011
KKK,6,CA,2006
KKK,6,FL,2011
KKK,6,GA,2008
KKK,6,IA,2008
KKK,6,IL,2005
KKK,6,IL,2009
KKK,6,IL,2010
KKK,6,IL,2013
KKK,6,IN,2003
KKK,6,IN,2007
KKK,6,IN,2013
KKK,6,KY,2008
KKK,6,LA,2002
KKK,6,LA,2006
KKK,6,MI,2005
KKK,6,MO,2007
KKK,6,MS,2003
KKK,6,MS,2004
KKK,6,NC,2006
KKK,6,NC,2009
KKK,6,OH,2008
KKK,6,OH,2011
KKK,6,OK,2004
KKK,6,OK,2006
KKK,6,OK,2007
KKK,6,PA,2013
KKK,6,TN,2001
KKK,6,VA,2004
KKK,6,VA,2015
KKK,6,WV,2008
KKK,6,WV,2011
KKK,7,AR,2000
KKK,7,AR,2006
KKK,7,AR,2013
KKK,7,CA,2007
KKK,7,CA,2008
KKK,7,FL,2009
KKK,7,FL,2013
KKK,7,GA,2005
KKK,7,GA,2007
KKK,7,IN,2000
KKK,7,IN,2005
KKK,7,IN,2010
KKK,7,IN,2011
KKK,7,KY,2004
KKK,7,KY,2010
KKK,7,LA,2001
KKK,7,LA,2007
KKK,7,LA,2008
KKK,7,LA,2012
KKK,7,MI,2010
KKK,7,MO,2009
KKK,7,MS,2000
KKK,7,MS,2001
KKK,7,MS,2002
KKK,7,MS,2015
KKK,7,NC,2011
KKK,7,NY,2002
KKK,7,OH,2001
KKK,7,OH,2009
KKK,7,OH,2012
KKK,7,OK,2008
KKK,7,OK,2009
KKK,7,PA,2000
KKK,7,VA,2000
KKK,7,VA,2001
KKK,7,VA,2005
KKK,7,VA,2010
KKK,7,VA,2011
KKK,8,AL,2003
KKK,8,AL,2004
KKK,8,AL,2010
KKK,8,AL,2012
KKK,8,AR,2002
KKK,8,AR,2005
KKK,8,AR,2015
KKK,8,CA,2005
KKK,8,FL,2003
KKK,8,FL,2004
KKK,8,GA,2004
KKK,8,GA,2006
KKK,8,GA,2009
KKK,8,IN,2006
KKK,8,KY,2006
KKK,8,KY,2007
KKK,8,LA,2015
KKK,8,NC,2002
KKK,8,NC,2005
KKK,8,NC,2015
KKK,8,OK,2005
KKK,8,OK,2012
KKK,8,TN,2002
KKK,8,TN,2011
KKK,8,VA,2012
KKK,9,AL,2011
KKK,9,AL,2015
KKK,9,AR,2010
KKK,9,GA,2002
KKK,9,KY,2005
KKK,9,LA,2003
KKK,9,LA,2004
KKK,9,LA,2005
KKK,9,LA,2009
KKK,9,MS,2005
KKK,9,MS,2008
KKK,9,MS,2009
KKK,9,NC,2008
KKK,9,OH,2000
KKK,9,OH,2010
KKK,9,OK,2010
KKK,9,PA,2015
KKK,9,TN,2012
KKK,9,TX,2011
Neo-Confederate,1,Al,2000
Neo-Confederate,1,AR,2000
Neo-Confederate,1,AR,2001
Neo-Confederate,1,AR,2002
Neo-Confederate,1,AR,2003
Neo-Confederate,1,AR,2008
Neo-Confederate,1,AR,2011
Neo-Confederate,1,AR,2012
Neo-Confederate,1,AR,2014
Neo-Confederate,1,CA,2000
Neo-Confederate,1,CA,2001
Neo-Confederate,1,CA,2003
Neo-Confederate,1,CA,2004
Neo-Confederate,1,CA,2005
Neo-Confederate,1,CA,2006
Neo-Confederate,1,CA,2007
Neo-Confederate,1,CA,2008
Neo-Confederate,1,CA,2009
Neo-Confederate,1,CA,2010
Neo-Confederate,1,CA,2011
Neo-Confederate,1,CA,2012
Neo-Confederate,1,CA,2013
Neo-Confederate,1,CA,2014
Neo-Confederate,1,CO,2003
Neo-Confederate,1,CO,2004
Neo-Confederate,1,CO,2005
Neo-Confederate,1,CO,2006
Neo-Confederate,1,CO,2007
Neo-Confederate,1,CO,2008
Neo-Confederate,1,Fl,2000
Neo-Confederate,1,FL,2001
Neo-Confederate,1,ID,2014
Neo-Confederate,1,IN,2010
Neo-Confederate,1,IN,2011
Neo-Confederate,1,IN,2012
Neo-Confederate,1,IN,2013
Neo-Confederate,1,KY,2000
Neo-Confederate,1,KY,2001
Neo-Confederate,1,KY,2002
Neo-Confederate,1,KY,2003
Neo-Confederate,1,KY,2004
Neo-Confederate,1,KY,2005
Neo-Confederate,1,KY,2006
Neo-Confederate,1,KY,2007
Neo-Confederate,1,KY,2008
Neo-Confederate,1,KY,2009
Neo-Confederate,1,KY,2010
Neo-Confederate,1,KY,2011
Neo-Confederate,1,KY,2012
Neo-Confederate,1,LA,2003
Neo-Confederate,1,LA,2004
Neo-Confederate,1,LA,2005
Neo-Confederate,1,LA,2007
Neo-Confederate,1,LA,2008
Neo-Confederate,1,LA,2009
Neo-Confederate,1,LA,2010
Neo-Confederate,1,LA,2011
Neo-Confederate,1,LA,2012
Neo-Confederate,1,LA,2013
Neo-Confederate,1,MD,2000
Neo-Confederate,1,MD,2009
Neo-Confederate,1,MD,2010
Neo-Confederate,1,MD,2011
Neo-Confederate,1,MD,2012
Neo-Confederate,1,MO,2000
Neo-Confederate,1,MO,2003
Neo-Confederate,1,MO,2009
Neo-Confederate,1,MO,2010
Neo-Confederate,1,MO,2011
Neo-Confederate,1,MO,2012
Neo-Confederate,1,MS,2005
Neo-Confederate,1,MS,2006
Neo-Confederate,1,MS,2007
Neo-Confederate,1,MS,2008
Neo-Confederate,1,MT,2001
Neo-Confederate,1,MT,2002
Neo-Confederate,1,MT,2003
Neo-Confederate,1,MT,2004
Neo-Confederate,1,MT,2005
Neo-Confederate,1,MT,2006
Neo-Confederate,1,MT,2007
Neo-Confederate,1,MT,2008
Neo-Confederate,1,MT,2009
Neo-Confederate,1,MT,2010
Neo-Confederate,1,NC,2010
Neo-Confederate,1,NC,2011
Neo-Confederate,1,NC,2012
Neo-Confederate,1,NY,2001
Neo-Confederate,1,NY,2002
Neo-Confederate,1,NY,2003
Neo-Confederate,1,NY,2004
Neo-Confederate,1,NY,2005
Neo-Confederate,1,NY,2006
Neo-Confederate,1,NY,2007
Neo-Confederate,1,OK,2005
Neo-Confederate,1,OK,2006
Neo-Confederate,1,OK,2007
Neo-Confederate,1,OK,2008
Neo-Confederate,1,OK,2009
Neo-Confederate,1,OK,2011
Neo-Confederate,1,OK,2012
Neo-Confederate,1,OK,2013
Neo-Confederate,1,OK,2014
Neo-Confederate,1,OK,2015
Neo-Confederate,1,Sc,2002
Neo-Confederate,1,TN,2000
Neo-Confederate,1,TN,2001
Neo-Confederate,1,TN,2002
Neo-Confederate,1,TN,2003
Neo-Confederate,1,TN,2004
Neo-Confederate,1,TX,2000
Neo-Confederate,1,Tx,2002
Neo-Confederate,1,TX,2010
Neo-Confederate,1,TX,2011
Neo-Confederate,1,TX,2012
Neo-Confederate,1,VA,2010
Neo-Confederate,1,VA,2011
Neo-Confederate,1,VA,2012
Neo-Confederate,1,VA,2013
Neo-Confederate,10,AL,2002
Neo-Confederate,10,GA,2006
Neo-Confederate,11,FL,2000
Neo-Confederate,12,FL,2008
Neo-Confederate,13,FL,2004
Neo-Confederate,14,FL,2007
Neo-Confederate,14,GA,2008
Neo-Confederate,15,GA,2000
Neo-Confederate,16,FL,2005
Neo-Confederate,16,FL,2006
Neo-Confederate,17,GA,2001
Neo-Confederate,17,GA,2003
Neo-Confederate,17,TX,2001
Neo-Confederate,18,SC,2009
Neo-Confederate,2,AR,2010
Neo-Confederate,2,AR,2015
Neo-Confederate,2,FL,2011
Neo-Confederate,2,FL,2012
Neo-Confederate,2,FL,2014
Neo-Confederate,2,FL,2015
Neo-Confederate,2,GA,2014
Neo-Confederate,2,GA,2015
Neo-Confederate,2,KY,2013
Neo-Confederate,2,KY,2014
Neo-Confederate,2,KY,2015
Neo-Confederate,2,LA,2001
Neo-Confederate,2,LA,2002
Neo-Confederate,2,LA,2006
Neo-Confederate,2,LA,2014
Neo-Confederate,2,LA,2015
Neo-Confederate,2,MD,2013
Neo-Confederate,2,MD,2014
Neo-Confederate,2,MD,2015
Neo-Confederate,2,MO,2013
Neo-Confederate,2,MO,2014
Neo-Confederate,2,MO,2015
Neo-Confederate,2,MS,2004
Neo-Confederate,2,MS,2009
Neo-Confederate,2,MS,2010
Neo-Confederate,2,MS,2011
Neo-Confederate,2,MS,2012
Neo-Confederate,2,NC,2013
Neo-Confederate,2,NC,2014
Neo-Confederate,2,NC,2015
Neo-Confederate,2,NY,2000
Neo-Confederate,2,OK,2010
Neo-Confederate,2,TN,2010
Neo-Confederate,2,TN,2011
Neo-Confederate,2,TN,2012
Neo-Confederate,2,TX,2013
Neo-Confederate,2,TX,2014
Neo-Confederate,2,TX,2015
Neo-Confederate,2,VA,2014
Neo-Confederate,2,VA,2015
Neo-Confederate,22,SC,2001
Neo-Confederate,23,MS,2001
Neo-Confederate,26,SC,2005
Neo-Confederate,26,SC,2008
Neo-Confederate,27,SC,2006
Neo-Confederate,27,SC,2007
Neo-Confederate,3,Al,2001
Neo-Confederate,3,AL,2014
Neo-Confederate,3,AL,2015
Neo-Confederate,3,AR,2004
Neo-Confederate,3,AR,2005
Neo-Confederate,3,AR,2006
Neo-Confederate,3,AR,2007
Neo-Confederate,3,AR,2009
Neo-Confederate,3,Fl,2001
Neo-Confederate,3,FL,2013
Neo-Confederate,3,GA,2011
Neo-Confederate,3,GA,2012
Neo-Confederate,3,MO,2001
Neo-Confederate,3,MO,2002
Neo-Confederate,3,MS,2003
Neo-Confederate,3,MS,2013
Neo-Confederate,3,MS,2014
Neo-Confederate,3,MS,2015
Neo-Confederate,3,SC,2000
Neo-Confederate,3,SC,2012
Neo-Confederate,3,TN,2008
Neo-Confederate,3,TN,2013
Neo-Confederate,3,TN,2014
Neo-Confederate,3,TN,2015
Neo-Confederate,30,SC,2003
Neo-Confederate,32,SC,2002
Neo-Confederate,32,SC,2004
Neo-Confederate,4,AL,2013
Neo-Confederate,4,GA,2013
Neo-Confederate,4,MS,2002
Neo-Confederate,4,NC,2009
Neo-Confederate,4,SC,2011
Neo-Confederate,4,SC,2013
Neo-Confederate,4,TN,2005
Neo-Confederate,4,TN,2009
Neo-Confederate,4,VA,2003
Neo-Confederate,4,VA,2008
Neo-Confederate,5,AL,2003
Neo-Confederate,5,AL,2004
Neo-Confederate,5,AL,2005
Neo-Confederate,5,AL,2006
Neo-Confederate,5,FL,2002
Neo-Confederate,5,FL,2003
Neo-Confederate,5,FL,2010
Neo-Confederate,5,GA,2010
Neo-Confederate,5,MO,2004
Neo-Confederate,5,MO,2005
Neo-Confederate,5,MO,2006
Neo-Confederate,5,NC,2008
Neo-Confederate,5,SC,2015
Neo-Confederate,5,TN,2006
Neo-Confederate,5,TN,2007
Neo-Confederate,5,VA,2000
Neo-Confederate,5,VA,2004
Neo-Confederate,5,VA,2006
Neo-Confederate,6,MO,2008
Neo-Confederate,6,NC,2000
Neo-Confederate,6,NC,2002
Neo-Confederate,6,SC,2014
Neo-Confederate,6,TX,2002
Neo-Confederate,6,TX,2003
Neo-Confederate,6,TX,2008
Neo-Confederate,6,TX,2009
Neo-Confederate,6,VA,2002
Neo-Confederate,6,VA,2005
Neo-Confederate,6,VA,2007
Neo-Confederate,7,AL,2000
Neo-Confederate,7,AL,2007
Neo-Confederate,7,AL,2010
Neo-Confederate,7,AL,2012
Neo-Confederate,7,GA,2004
Neo-Confederate,7,GA,2009
Neo-Confederate,7,LA,2000
Neo-Confederate,7,NC,2001
Neo-Confederate,7,NC,2006
Neo-Confederate,7,NC,2007
Neo-Confederate,7,SC,2010
Neo-Confederate,8,AL,2001
Neo-Confederate,8,AL,2011
Neo-Confederate,8,FL,2009
Neo-Confederate,8,GA,2002
Neo-Confederate,8,GA,2005
Neo-Confederate,8,MO,2007
Neo-Confederate,8,NC,2003
Neo-Confederate,8,NC,2004
Neo-Confederate,8,NC,2005
Neo-Confederate,8,TX,2000
Neo-Confederate,8,TX,2005
Neo-Confederate,8,TX,2006
Neo-Confederate,8,TX,2007
Neo-Confederate,8,VA,2001
Neo-Confederate,9,AL,2008
Neo-Confederate,9,AL,2009
Neo-Confederate,9,GA,2007
Neo-Confederate,9,MS,2000
Neo-Confederate,9,TX,2004
Neo-Nazi,1,AK,2002
Neo-Nazi,1,AK,2003
Neo-Nazi,1,AK,2004
Neo-Nazi,1,AK,2005
Neo-Nazi,1,AK,2006
Neo-Nazi,1,AL,2000
Neo-Nazi,1,AL,2001
Neo-Nazi,1,AL,2003
Neo-Nazi,1,AL,2014
Neo-Nazi,1,AL,2015
Neo-Nazi,1,AR,2015
Neo-Nazi,1,Co,2003
Neo-Nazi,1,CO,2012
Neo-Nazi,1,CO,2015
Neo-Nazi,1,CT,2003
Neo-Nazi,1,CT,2006
Neo-Nazi,1,CT,2007
Neo-Nazi,1,CT,2008
Neo-Nazi,1,CT,2009
Neo-Nazi,1,CT,2015
Neo-Nazi,1,DC,2014
Neo-Nazi,1,DE,2001
Neo-Nazi,1,DE,2004
Neo-Nazi,1,DE,2005
Neo-Nazi,1,DE,2015
Neo-Nazi,1,IA,2000
Neo-Nazi,1,IA,2002
Neo-Nazi,1,IA,2006
Neo-Nazi,1,IA,2007
Neo-Nazi,1,IA,2012
Neo-Nazi,1,IA,2013
Neo-Nazi,1,IA,2014
Neo-Nazi,1,ID,2007
Neo-Nazi,1,ID,2008
Neo-Nazi,1,ID,2015
Neo-Nazi,1,Il,2001
Neo-Nazi,1,KS,2000
Neo-Nazi,1,KS,2001
Neo-Nazi,1,KS,2011
Neo-Nazi,1,KS,2013
Neo-Nazi,1,KS,2015
Neo-Nazi,1,KY,2003
Neo-Nazi,1,KY,2004
Neo-Nazi,1,KY,2005
Neo-Nazi,1,KY,2006
Neo-Nazi,1,KY,2009
Neo-Nazi,1,KY,2010
Neo-Nazi,1,KY,2013
Neo-Nazi,1,KY,2015
Neo-Nazi,1,LA,2008
Neo-Nazi,1,MA,2010
Neo-Nazi,1,MA,2011
Neo-Nazi,1,MA,2012
Neo-Nazi,1,MA,2014
Neo-Nazi,1,MA,2015
Neo-Nazi,1,MD,2015
Neo-Nazi,1,ME,2002
Neo-Nazi,1,ME,2003
Neo-Nazi,1,ME,2008
Neo-Nazi,1,ME,2009
Neo-Nazi,1,ME,2010
Neo-Nazi,1,ME,2013
Neo-Nazi,1,ME,2014
Neo-Nazi,1,ME,2015
Neo-Nazi,1,MN,2012
Neo-Nazi,1,MN,2013
Neo-Nazi,1,MN,2014
Neo-Nazi,1,MO,2000
Neo-Nazi,1,MS,2000
Neo-Nazi,1,MS,2001
Neo-Nazi,1,MS,2003
Neo-Nazi,1,MS,2008
Neo-Nazi,1,MS,2009
Neo-Nazi,1,MS,2012
Neo-Nazi,1,MS,2013
Neo-Nazi,1,MS,2015
Neo-Nazi,1,MT,2015
Neo-Nazi,1,NC,2015
Neo-Nazi,1,ND,2000
Neo-Nazi,1,ND,2003
Neo-Nazi,1,ND,2007
Neo-Nazi,1,ND,2008
Neo-Nazi,1,ND,2014
Neo-Nazi,1,ND,2015
Neo-Nazi,1,NE,2002
Neo-Nazi,1,NE,2007
Neo-Nazi,1,NE,2008
Neo-Nazi,1,NH,2001
Neo-Nazi,1,NH,2004
Neo-Nazi,1,NH,2005
Neo-Nazi,1,NH,2006
Neo-Nazi,1,NH,2008
Neo-Nazi,1,NH,2009
Neo-Nazi,1,NH,2011
Neo-Nazi,1,NH,2012
Neo-Nazi,1,NH,2015
Neo-Nazi,1,NJ,2001
Neo-Nazi,1,NM,2001
Neo-Nazi,1,NM,2003
Neo-Nazi,1,NM,2006
Neo-Nazi,1,NM,2007
Neo-Nazi,1,NM,2008
Neo-Nazi,1,NV,2015
Neo-Nazi,1,NY,2008
Neo-Nazi,1,NY,2013
Neo-Nazi,1,OK,2000
Neo-Nazi,1,OK,2002
Neo-Nazi,1,OK,2003
Neo-Nazi,1,OK,2015
Neo-Nazi,1,OR,2008
Neo-Nazi,1,OR,2012
Neo-Nazi,1,OR,2013
Neo-Nazi,1,OR,2014
Neo-Nazi,1,RI,2002
Neo-Nazi,1,RI,2003
Neo-Nazi,1,RI,2011
Neo-Nazi,1,RI,2014
Neo-Nazi,1,RI,2015
Neo-Nazi,1,SC,2000
Neo-Nazi,1,SD,2000
Neo-Nazi,1,SD,2001
Neo-Nazi,1,SD,2002
Neo-Nazi,1,SD,2012
Neo-Nazi,1,SD,2013
Neo-Nazi,1,SD,2015
Neo-Nazi,1,UT,2001
Neo-Nazi,1,UT,2003
Neo-Nazi,1,UT,2004
Neo-Nazi,1,UT,2005
Neo-Nazi,1,UT,2007
Neo-Nazi,1,UT,2008
Neo-Nazi,1,UT,2009
Neo-Nazi,1,VT,2011
Neo-Nazi,1,VT,2012
Neo-Nazi,1,WA,2000
Neo-Nazi,1,WY,2006
Neo-Nazi,1,WY,2007
Neo-Nazi,1,WY,2009
Neo-Nazi,1,WY,2014
Neo-Nazi,1,WY,2015
Neo-Nazi,10,AZ,2007
Neo-Nazi,10,AZ,2008
Neo-Nazi,10,CA,2006
Neo-Nazi,10,FL,2007
Neo-Nazi,10,IL,2002
Neo-Nazi,10,MI,2006
Neo-Nazi,10,MT,2010
Neo-Nazi,10,NJ,2007
Neo-Nazi,10,OH,2000
Neo-Nazi,10,OH,2001
Neo-Nazi,10,OH,2006
Neo-Nazi,10,OH,2007
Neo-Nazi,10,TX,2002
Neo-Nazi,10,TX,2008
Neo-Nazi,11,CA,2000
Neo-Nazi,11,CA,2011
Neo-Nazi,11,FL,2000
Neo-Nazi,11,IL,2001
Neo-Nazi,11,MI,2007
Neo-Nazi,11,NJ,2001
Neo-Nazi,11,NJ,2006
Neo-Nazi,11,PA,2000
Neo-Nazi,11,PA,2002
Neo-Nazi,11,TX,2001
Neo-Nazi,12,IL,2000
Neo-Nazi,12,NJ,2002
Neo-Nazi,12,TX,2007
Neo-Nazi,13,CA,2007
Neo-Nazi,13,TX,2000
Neo-Nazi,14,CA,2003
Neo-Nazi,14,CA,2008
Neo-Nazi,14,FL,2008
Neo-Nazi,16,PA,2001
Neo-Nazi,19,CA,2002
Neo-Nazi,19,FL,2001
Neo-Nazi,2,AL,2009
Neo-Nazi,2,AL,2010
Neo-Nazi,2,AL,2012
Neo-Nazi,2,AL,2013
Neo-Nazi,2,AR,2001
Neo-Nazi,2,AR,2006
Neo-Nazi,2,AR,2007
Neo-Nazi,2,AR,2008
Neo-Nazi,2,AR,2009
Neo-Nazi,2,AZ,2002
Neo-Nazi,2,AZ,2003
Neo-Nazi,2,AZ,2004
Neo-Nazi,2,AZ,2005
Neo-Nazi,2,AZ,2011
Neo-Nazi,2,AZ,2015
Neo-Nazi,2,CO,2000
Neo-Nazi,2,CO,2002
Neo-Nazi,2,CO,2003
Neo-Nazi,2,CO,2004
Neo-Nazi,2,CO,2005
Neo-Nazi,2,CO,2007
Neo-Nazi,2,CO,2011
Neo-Nazi,2,CO,2013
Neo-Nazi,2,CT,2010
Neo-Nazi,2,CT,2011
Neo-Nazi,2,CT,2012
Neo-Nazi,2,CT,2013
Neo-Nazi,2,DE,2008
Neo-Nazi,2,DE,2009
Neo-Nazi,2,DE,2010
Neo-Nazi,2,DE,2012
Neo-Nazi,2,DE,2013
Neo-Nazi,2,DE,2014
Neo-Nazi,2,IA,2003
Neo-Nazi,2,IA,2008
Neo-Nazi,2,IA,2010
Neo-Nazi,2,ID,2000
Neo-Nazi,2,ID,2006
Neo-Nazi,2,ID,2011
Neo-Nazi,2,ID,2013
Neo-Nazi,2,IL,2003
Neo-Nazi,2,IL,2015
Neo-Nazi,2,IN,2009
Neo-Nazi,2,IN,2010
Neo-Nazi,2,IN,2011
Neo-Nazi,2,IN,2014
Neo-Nazi,2,KS,2002
Neo-Nazi,2,KY,2002
Neo-Nazi,2,KY,2007
Neo-Nazi,2,KY,2008
Neo-Nazi,2,KY,2011
Neo-Nazi,2,KY,2012
Neo-Nazi,2,LA,2006
Neo-Nazi,2,LA,2007
Neo-Nazi,2,LA,2009
Neo-Nazi,2,LA,2010
Neo-Nazi,2,MA,2007
Neo-Nazi,2,MA,2008
Neo-Nazi,2,MA,2009
Neo-Nazi,2,MA,2013
Neo-Nazi,2,MD,2004
Neo-Nazi,2,MD,2005
Neo-Nazi,2,MD,2013
Neo-Nazi,2,ME,2004
Neo-Nazi,2,ME,2005
Neo-Nazi,2,ME,2006
Neo-Nazi,2,ME,2012
Neo-Nazi,2,MN,2011
Neo-Nazi,2,MO,2001
Neo-Nazi,2,MO,2002
Neo-Nazi,2,MO,2003
Neo-Nazi,2,MO,2004
Neo-Nazi,2,MO,2005
Neo-Nazi,2,MO,2010
Neo-Nazi,2,MO,2014
Neo-Nazi,2,MO,2015
Neo-Nazi,2,MS,2002
Neo-Nazi,2,MS,2004
Neo-Nazi,2,MS,2005
Neo-Nazi,2,MS,2006
Neo-Nazi,2,MS,2007
Neo-Nazi,2,MS,2011
Neo-Nazi,2,MS,2014
Neo-Nazi,2,MT,2001
Neo-Nazi,2,MT,2014
Neo-Nazi,2,ND,2010
Neo-Nazi,2,NE,2001
Neo-Nazi,2,NE,2003
Neo-Nazi,2,NE,2006
Neo-Nazi,2,NE,2009
Neo-Nazi,2,NE,2010
Neo-Nazi,2,NH,2002
Neo-Nazi,2,NH,2003
Neo-Nazi,2,NH,2013
Neo-Nazi,2,NH,2014
Neo-Nazi,2,NM,2000
Neo-Nazi,2,NM,2002
Neo-Nazi,2,NV,2003
Neo-Nazi,2,NV,2013
Neo-Nazi,2,NV,2014
Neo-Nazi,2,NY,2006
Neo-Nazi,2,NY,2012
Neo-Nazi,2,OK,2004
Neo-Nazi,2,OK,2005
Neo-Nazi,2,OK,2009
Neo-Nazi,2,OK,2011
Neo-Nazi,2,OK,2012
Neo-Nazi,2,OK,2013
Neo-Nazi,2,OK,2014
Neo-Nazi,2,OR,2000
Neo-Nazi,2,OR,2001
Neo-Nazi,2,OR,2002
Neo-Nazi,2,OR,2003
Neo-Nazi,2,OR,2015
Neo-Nazi,2,RI,2012
Neo-Nazi,2,RI,2013
Neo-Nazi,2,SC,2001
Neo-Nazi,2,SC,2002
Neo-Nazi,2,SC,2003
Neo-Nazi,2,SC,2004
Neo-Nazi,2,SC,2005
Neo-Nazi,2,SC,2015
Neo-Nazi,2,SD,2008
Neo-Nazi,2,SD,2009
Neo-Nazi,2,SD,2014
Neo-Nazi,2,TN,2015
Neo-Nazi,2,UT,2002
Neo-Nazi,2,UT,2010
Neo-Nazi,2,UT,2011
Neo-Nazi,2,UT,2012
Neo-Nazi,2,UT,2014
Neo-Nazi,2,UT,2015
Neo-Nazi,2,VA,2000
Neo-Nazi,2,VA,2003
Neo-Nazi,2,VA,2012
Neo-Nazi,2,VT,2013
Neo-Nazi,2,VT,2015
Neo-Nazi,2,WA,2001
Neo-Nazi,2,WA,2014
Neo-Nazi,2,WA,2015
Neo-Nazi,2,WV,2000
Neo-Nazi,2,WV,2001
Neo-Nazi,2,WV,2002
Neo-Nazi,2,WV,2015
Neo-Nazi,2,WY,2002
Neo-Nazi,2,WY,2004
Neo-Nazi,2,WY,2005
Neo-Nazi,2,WY,2010
Neo-Nazi,2,WY,2011
Neo-Nazi,2,WY,2012
Neo-Nazi,2,WY,2013
Neo-Nazi,21,CA,2001
Neo-Nazi,23,FL,2002
Neo-Nazi,3,AK,2001
Neo-Nazi,3,AL,2002
Neo-Nazi,3,AL,2011
Neo-Nazi,3,AR,2003
Neo-Nazi,3,AR,2010
Neo-Nazi,3,AR,2012
Neo-Nazi,3,AR,2014
Neo-Nazi,3,AZ,2009
Neo-Nazi,3,AZ,2012
Neo-Nazi,3,CT,2000
Neo-Nazi,3,CT,2014
Neo-Nazi,3,DE,2011
Neo-Nazi,3,IA,2015
Neo-Nazi,3,ID,2001
Neo-Nazi,3,ID,2003
Neo-Nazi,3,ID,2004
Neo-Nazi,3,ID,2005
Neo-Nazi,3,ID,2009
Neo-Nazi,3,ID,2010
Neo-Nazi,3,ID,2012
Neo-Nazi,3,ID,2014
Neo-Nazi,3,IL,2013
Neo-Nazi,3,IL,2014
Neo-Nazi,3,IN,2004
Neo-Nazi,3,IN,2005
Neo-Nazi,3,IN,2006
Neo-Nazi,3,IN,2012
Neo-Nazi,3,IN,2013
Neo-Nazi,3,IN,2015
Neo-Nazi,3,KS,2009
Neo-Nazi,3,KS,2010
Neo-Nazi,3,KY,2014
Neo-Nazi,3,LA,2000
Neo-Nazi,3,LA,2001
Neo-Nazi,3,LA,2002
Neo-Nazi,3,LA,2003
Neo-Nazi,3,MA,2000
Neo-Nazi,3,MA,2003
Neo-Nazi,3,MA,2006
Neo-Nazi,3,MD,2003
Neo-Nazi,3,MD,2007
Neo-Nazi,3,MD,2012
Neo-Nazi,3,MD,2014
Neo-Nazi,3,ME,2011
Neo-Nazi,3,MN,2003
Neo-Nazi,3,MN,2009
Neo-Nazi,3,MN,2010
Neo-Nazi,3,MO,2012
Neo-Nazi,3,MO,2013
Neo-Nazi,3,MS,2010
Neo-Nazi,3,MT,2000
Neo-Nazi,3,MT,2006
Neo-Nazi,3,MT,2011
Neo-Nazi,3,MT,2012
Neo-Nazi,3,MT,2013
Neo-Nazi,3,NC,2010
Neo-Nazi,3,NC,2012
Neo-Nazi,3,NC,2013
Neo-Nazi,3,NC,2014
Neo-Nazi,3,NE,2004
Neo-Nazi,3,NE,2005
Neo-Nazi,3,NE,2011
Neo-Nazi,3,NE,2012
Neo-Nazi,3,NE,2013
Neo-Nazi,3,NE,2014
Neo-Nazi,3,NE,2015
Neo-Nazi,3,NV,2006
Neo-Nazi,3,NV,2011
Neo-Nazi,3,NV,2012
Neo-Nazi,3,NY,2004
Neo-Nazi,3,NY,2005
Neo-Nazi,3,NY,2010
Neo-Nazi,3,NY,2015
Neo-Nazi,3,OH,2015
Neo-Nazi,3,OK,2008
Neo-Nazi,3,OR,2004
Neo-Nazi,3,OR,2005
Neo-Nazi,3,OR,2006
Neo-Nazi,3,OR,2009
Neo-Nazi,3,OR,2011
Neo-Nazi,3,PA,2006
Neo-Nazi,3,PA,2013
Neo-Nazi,3,PA,2015
Neo-Nazi,3,SC,2009
Neo-Nazi,3,SC,2014
Neo-Nazi,3,TN,2001
Neo-Nazi,3,TN,2004
Neo-Nazi,3,TN,2005
Neo-Nazi,3,TN,2008
Neo-Nazi,3,UT,2000
Neo-Nazi,3,UT,2013
Neo-Nazi,3,VA,2001
Neo-Nazi,3,VA,2010
Neo-Nazi,3,VA,2011
Neo-Nazi,3,VA,2015
Neo-Nazi,3,VT,2014
Neo-Nazi,3,WA,2008
Neo-Nazi,3,WA,2009
Neo-Nazi,3,WA,2012
Neo-Nazi,3,WA,2013
Neo-Nazi,3,WV,2003
Neo-Nazi,3,WV,2004
Neo-Nazi,3,WV,2005
Neo-Nazi,3,WV,2006
Neo-Nazi,3,WV,2007
Neo-Nazi,3,WV,2010
Neo-Nazi,3,WY,2003
Neo-Nazi,4,AR,2000
Neo-Nazi,4,AR,2004
Neo-Nazi,4,AR,2005
Neo-Nazi,4,AR,2011
Neo-Nazi,4,AR,2013
Neo-Nazi,4,AZ,2000
Neo-Nazi,4,AZ,2006
Neo-Nazi,4,AZ,2014
Neo-Nazi,4,CO,2001
Neo-Nazi,4,CO,2006
Neo-Nazi,4,CO,2009
Neo-Nazi,4,CT,2002
Neo-Nazi,4,GA,2000
Neo-Nazi,4,GA,2003
Neo-Nazi,4,GA,2007
Neo-Nazi,4,GA,2008
Neo-Nazi,4,GA,2015
Neo-Nazi,4,IA,2009
Neo-Nazi,4,IL,2012
Neo-Nazi,4,IN,2001
Neo-Nazi,4,IN,2002
Neo-Nazi,4,IN,2003
Neo-Nazi,4,IN,2007
Neo-Nazi,4,IN,2008
Neo-Nazi,4,KS,2003
Neo-Nazi,4,KS,2006
Neo-Nazi,4,LA,2004
Neo-Nazi,4,LA,2005
Neo-Nazi,4,LA,2012
Neo-Nazi,4,LA,2014
Neo-Nazi,4,LA,2015
Neo-Nazi,4,MD,2001
Neo-Nazi,4,MD,2006
Neo-Nazi,4,MD,2008
Neo-Nazi,4,MD,2009
Neo-Nazi,4,MI,2000
Neo-Nazi,4,MN,2002
Neo-Nazi,4,MN,2004
Neo-Nazi,4,MN,2005
Neo-Nazi,4,MN,2007
Neo-Nazi,4,MN,2008
Neo-Nazi,4,MO,2011
Neo-Nazi,4,MT,2008
Neo-Nazi,4,NC,2008
Neo-Nazi,4,NE,2000
Neo-Nazi,4,NV,2001
Neo-Nazi,4,NV,2004
Neo-Nazi,4,NV,2005
Neo-Nazi,4,NV,2009
Neo-Nazi,4,NV,2010
Neo-Nazi,4,NY,2003
Neo-Nazi,4,NY,2009
Neo-Nazi,4,OK,2007
Neo-Nazi,4,OK,2010
Neo-Nazi,4,OR,2007
Neo-Nazi,4,OR,2010
Neo-Nazi,4,PA,2010
Neo-Nazi,4,PA,2012
Neo-Nazi,4,PA,2014
Neo-Nazi,4,SC,2006
Neo-Nazi,4,SC,2013
Neo-Nazi,4,TN,2009
Neo-Nazi,4,TN,2012
Neo-Nazi,4,TN,2013
Neo-Nazi,4,TN,2014
Neo-Nazi,4,TX,2015
Neo-Nazi,4,VA,2002
Neo-Nazi,4,VA,2004
Neo-Nazi,4,VA,2005
Neo-Nazi,4,VA,2009
Neo-Nazi,4,VA,2013
Neo-Nazi,4,WA,2004
Neo-Nazi,4,WA,2005
Neo-Nazi,4,WA,2010
Neo-Nazi,4,WA,2011
Neo-Nazi,4,WI,2000
Neo-Nazi,4,WI,2009
Neo-Nazi,4,WI,2010
Neo-Nazi,4,WI,2011
Neo-Nazi,4,WI,2012
Neo-Nazi,4,WI,2014
Neo-Nazi,4,WI,2015
Neo-Nazi,4,WV,2012
Neo-Nazi,5,AL,2004
Neo-Nazi,5,AL,2005
Neo-Nazi,5,AL,2006
Neo-Nazi,5,AL,2007
Neo-Nazi,5,AL,2008
Neo-Nazi,5,AR,2002
Neo-Nazi,5,AZ,2001
Neo-Nazi,5,CO,2008
Neo-Nazi,5,CT,2001
Neo-Nazi,5,FL,2004
Neo-Nazi,5,FL,2005
Neo-Nazi,5,FL,2015
Neo-Nazi,5,GA,2001
Neo-Nazi,5,GA,2002
Neo-Nazi,5,GA,2004
Neo-Nazi,5,GA,2005
Neo-Nazi,5,GA,2006
Neo-Nazi,5,GA,2009
Neo-Nazi,5,GA,2012
Neo-Nazi,5,GA,2013
Neo-Nazi,5,GA,2014
Neo-Nazi,5,IL,2011
Neo-Nazi,5,KS,2004
Neo-Nazi,5,KS,2005
Neo-Nazi,5,KS,2007
Neo-Nazi,5,KS,2008
Neo-Nazi,5,LA,2011
Neo-Nazi,5,LA,2013
Neo-Nazi,5,MD,2000
Neo-Nazi,5,MD,2010
Neo-Nazi,5,MD,2011
Neo-Nazi,5,MI,2003
Neo-Nazi,5,MI,2009
Neo-Nazi,5,MI,2011
Neo-Nazi,5,MI,2012
Neo-Nazi,5,MI,2013
Neo-Nazi,5,MI,2015
Neo-Nazi,5,MN,2006
Neo-Nazi,5,MO,2007
Neo-Nazi,5,MO,2009
Neo-Nazi,5,MT,2007
Neo-Nazi,5,NC,2001
Neo-Nazi,5,NC,2007
Neo-Nazi,5,NC,2009
Neo-Nazi,5,NC,2011
Neo-Nazi,5,NJ,2010
Neo-Nazi,5,NV,2002
Neo-Nazi,5,NV,2007
Neo-Nazi,5,NV,2008
Neo-Nazi,5,NY,2002
Neo-Nazi,5,NY,2007
Neo-Nazi,5,NY,2014
Neo-Nazi,5,OH,2003
Neo-Nazi,5,PA,2007
Neo-Nazi,5,PA,2011
Neo-Nazi,5,SC,2007
Neo-Nazi,5,SC,2010
Neo-Nazi,5,SC,2012
Neo-Nazi,5,TN,2000
Neo-Nazi,5,TN,2003
Neo-Nazi,5,TN,2006
Neo-Nazi,5,TN,2010
Neo-Nazi,5,TX,2004
Neo-Nazi,5,TX,2005
Neo-Nazi,5,TX,2012
Neo-Nazi,5,TX,2013
Neo-Nazi,5,VA,2014
Neo-Nazi,5,WA,2002
Neo-Nazi,5,WA,2003
Neo-Nazi,5,WI,2004
Neo-Nazi,5,WI,2005
Neo-Nazi,5,WI,2006
Neo-Nazi,5,WV,2011
Neo-Nazi,5,WV,2013
Neo-Nazi,5,WV,2014
Neo-Nazi,6,AZ,2010
Neo-Nazi,6,AZ,2013
Neo-Nazi,6,CA,2014
Neo-Nazi,6,CA,2015
Neo-Nazi,6,CO,2010
Neo-Nazi,6,FL,2013
Neo-Nazi,6,GA,2010
Neo-Nazi,6,ID,2002
Neo-Nazi,6,IL,2004
Neo-Nazi,6,IL,2005
Neo-Nazi,6,IL,2009
Neo-Nazi,6,IL,2010
Neo-Nazi,6,IN,2000
Neo-Nazi,6,MA,2001
Neo-Nazi,6,MA,2004
Neo-Nazi,6,MA,2005
Neo-Nazi,6,MI,2002
Neo-Nazi,6,MI,2014
Neo-Nazi,6,MN,2000
Neo-Nazi,6,MN,2001
Neo-Nazi,6,MO,2006
Neo-Nazi,6,MO,2008
Neo-Nazi,6,NC,2002
Neo-Nazi,6,NJ,2003
Neo-Nazi,6,NJ,2004
Neo-Nazi,6,NJ,2005
Neo-Nazi,6,NJ,2009
Neo-Nazi,6,NV,2000
Neo-Nazi,6,NY,2001
Neo-Nazi,6,OH,2010
Neo-Nazi,6,OH,2013
Neo-Nazi,6,OK,2006
Neo-Nazi,6,PA,2008
Neo-Nazi,6,PA,2009
Neo-Nazi,6,SC,2008
Neo-Nazi,6,TN,2002
Neo-Nazi,6,TX,2003
Neo-Nazi,6,TX,2011
Neo-Nazi,6,VA,2008
Neo-Nazi,6,WI,2001
Neo-Nazi,6,WI,2007
Neo-Nazi,6,WI,2008
Neo-Nazi,6,WI,2013
Neo-Nazi,6,WV,2008
Neo-Nazi,6,WV,2009
Neo-Nazi,7,CA,2013
Neo-Nazi,7,FL,2003
Neo-Nazi,7,FL,2009
Neo-Nazi,7,FL,2011
Neo-Nazi,7,FL,2012
Neo-Nazi,7,FL,2014
Neo-Nazi,7,MA,2002
Neo-Nazi,7,MD,2002
Neo-Nazi,7,MI,2001
Neo-Nazi,7,NC,2000
Neo-Nazi,7,NC,2003
Neo-Nazi,7,NC,2005
Neo-Nazi,7,NJ,2000
Neo-Nazi,7,NJ,2012
Neo-Nazi,7,NJ,2014
Neo-Nazi,7,NY,2011
Neo-Nazi,7,OH,2002
Neo-Nazi,7,OH,2004
Neo-Nazi,7,OH,2005
Neo-Nazi,7,OH,2009
Neo-Nazi,7,OH,2011
Neo-Nazi,7,OH,2012
Neo-Nazi,7,OH,2014
Neo-Nazi,7,PA,2003
Neo-Nazi,7,SC,2011
Neo-Nazi,7,TN,2011
Neo-Nazi,7,TX,2009
Neo-Nazi,7,TX,2014
Neo-Nazi,8,GA,2011
Neo-Nazi,8,MI,2010
Neo-Nazi,8,NC,2004
Neo-Nazi,8,NC,2006
Neo-Nazi,8,NJ,2011
Neo-Nazi,8,OH,2008
Neo-Nazi,8,TN,2007
Neo-Nazi,8,TX,2006
Neo-Nazi,8,TX,2010
Neo-Nazi,8,VA,2006
Neo-Nazi,8,VA,2007
Neo-Nazi,8,WA,2006
Neo-Nazi,8,WI,2002
Neo-Nazi,8,WI,2003
Neo-Nazi,9,CA,2004
Neo-Nazi,9,CA,2005
Neo-Nazi,9,CA,2009
Neo-Nazi,9,CA,2010
Neo-Nazi,9,CA,2012
Neo-Nazi,9,FL,2006
Neo-Nazi,9,FL,2010
Neo-Nazi,9,IL,2006
Neo-Nazi,9,IL,2007
Neo-Nazi,9,IL,2008
Neo-Nazi,9,MI,2004
Neo-Nazi,9,MI,2005
Neo-Nazi,9,MI,2008
Neo-Nazi,9,MT,2009
Neo-Nazi,9,NJ,2008
Neo-Nazi,9,NJ,2013
Neo-Nazi,9,NY,2000
Neo-Nazi,9,PA,2004
Neo-Nazi,9,PA,2005
Neo-Nazi,9,WA,2007
Racist Skinhead,1,AK,2009
Racist Skinhead,1,AK,2011
Racist Skinhead,1,AK,2012
Racist Skinhead,1,AK,2013
Racist Skinhead,1,AL,2000
Racist Skinhead,1,AL,2001
Racist Skinhead,1,AR,2000
Racist Skinhead,1,AR,2001
Racist Skinhead,1,AR,2006
Racist Skinhead,1,AR,2007
Racist Skinhead,1,AR,2012
Racist Skinhead,1,AR,2013
Racist Skinhead,1,AR,2014
Racist Skinhead,1,AR,2015
Racist Skinhead,1,AZ,2011
Racist Skinhead,1,AZ,2013
Racist Skinhead,1,AZ,2014
Racist Skinhead,1,CA,2003
Racist Skinhead,1,CA,2004
Racist Skinhead,1,CO,2000
Racist Skinhead,1,CO,2001
Racist Skinhead,1,CT,2003
Racist Skinhead,1,CT,2004
Racist Skinhead,1,CT,2005
Racist Skinhead,1,CT,2006
Racist Skinhead,1,CT,2007
Racist Skinhead,1,CT,2010
Racist Skinhead,1,CT,2012
Racist Skinhead,1,DE,2000
Racist Skinhead,1,DE,2001
Racist Skinhead,1,FL,2000
Racist Skinhead,1,FL,2002
Racist Skinhead,1,GA,2000
Racist Skinhead,1,GA,2007
Racist Skinhead,1,GA,2009
Racist Skinhead,1,GA,2013
Racist Skinhead,1,HI,2009
Racist Skinhead,1,IA,2013
Racist Skinhead,1,IA,2014
Racist Skinhead,1,IA,2015
Racist Skinhead,1,ID,2000
Racist Skinhead,1,ID,2001
Racist Skinhead,1,ID,2009
Racist Skinhead,1,ID,2014
Racist Skinhead,1,IL,2004
Racist Skinhead,1,IL,2005
Racist Skinhead,1,IL,2006
Racist Skinhead,1,IN,2002
Racist Skinhead,1,IN,2006
Racist Skinhead,1,IN,2007
Racist Skinhead,1,IN,2007
Racist Skinhead,1,IN,2008
Racist Skinhead,1,KS,2000
Racist Skinhead,1,KS,2001
Racist Skinhead,1,KS,2002
Racist Skinhead,1,KS,2004
Racist Skinhead,1,KS,2005
Racist Skinhead,1,KS,2006
Racist Skinhead,1,KS,2007
Racist Skinhead,1,KS,2008
Racist Skinhead,1,KS,2009
Racist Skinhead,1,KS,2010
Racist Skinhead,1,KS,2011
Racist Skinhead,1,KY,2002
Racist Skinhead,1,KY,2008
Racist Skinhead,1,KY,2009
Racist Skinhead,1,KY,2012
Racist Skinhead,1,KY,2015
Racist Skinhead,1,LA,2008
Racist Skinhead,1,LA,2009
Racist Skinhead,1,MA,2001
Racist Skinhead,1,MA,2006
Racist Skinhead,1,MA,2007
Racist Skinhead,1,MA,2010
Racist Skinhead,1,MA,2013
Racist Skinhead,1,MA,2015
Racist Skinhead,1,MD,2004
Racist Skinhead,1,MD,2005
Racist Skinhead,1,MD,2006
Racist Skinhead,1,MD,2007
Racist Skinhead,1,MD,2008
Racist Skinhead,1,MD,2009
Racist Skinhead,1,MD,2010
Racist Skinhead,1,MD,2011
Racist Skinhead,1,ME,2012
Racist Skinhead,1,MI,2001
Racist Skinhead,1,MI,2002
Racist Skinhead,1,MI,2003
Racist Skinhead,1,MI,2004
Racist Skinhead,1,MI,2005
Racist Skinhead,1,MI,2006
Racist Skinhead,1,MI,2008
Racist Skinhead,1,MI,2014
Racist Skinhead,1,MN,2000
Racist Skinhead,1,MN,2011
Racist Skinhead,1,MN,2013
Racist Skinhead,1,MN,2015
Racist Skinhead,1,MO,2000
Racist Skinhead,1,MO,2003
Racist Skinhead,1,MO,2004
Racist Skinhead,1,MO,2005
Racist Skinhead,1,MS,2009
Racist Skinhead,1,MS,2013
Racist Skinhead,1,MS,2014
Racist Skinhead,1,NC,2001
Racist Skinhead,1,NC,2002
Racist Skinhead,1,NC,2003
Racist Skinhead,1,ND,2001
Racist Skinhead,1,ND,2002
Racist Skinhead,1,ND,2012
Racist Skinhead,1,NE,2002
Racist Skinhead,1,NE,2010
Racist Skinhead,1,NE,2011
Racist Skinhead,1,NH,2012
Racist Skinhead,1,NH,2013
Racist Skinhead,1,NJ,2000
Racist Skinhead,1,NM,2006
Racist Skinhead,1,NM,2007
Racist Skinhead,1,NM,2012
Racist Skinhead,1,NM,2013
Racist Skinhead,1,NV,2000
Racist Skinhead,1,NV,2001
Racist Skinhead,1,NV,2005
Racist Skinhead,1,NV,2009
Racist Skinhead,1,NV,2010
Racist Skinhead,1,NV,2011
Racist Skinhead,1,NV,2012
Racist Skinhead,1,NV,2013
Racist Skinhead,1,NV,2014
Racist Skinhead,1,NY,2000
Racist Skinhead,1,NY,2002
Racist Skinhead,1,NY,2003
Racist Skinhead,1,NY,2005
Racist Skinhead,1,NY,2008
Racist Skinhead,1,NY,2010
Racist Skinhead,1,NY,2012
Racist Skinhead,1,OH,2007
Racist Skinhead,1,OK,2010
Racist Skinhead,1,OR,2003
Racist Skinhead,1,OR,2004
Racist Skinhead,1,OR,2008
Racist Skinhead,1,OR,2012
Racist Skinhead,1,OR,2013
Racist Skinhead,1,OR,2014
Racist Skinhead,1,PA,2002
Racist Skinhead,1,RI,2001
Racist Skinhead,1,RI,2012
Racist Skinhead,1,RI,2015
Racist Skinhead,1,SC,2001
Racist Skinhead,1,SC,2012
Racist Skinhead,1,SC,2014
Racist Skinhead,1,SD,2008
Racist Skinhead,1,SD,2011
Racist Skinhead,1,SD,2012
Racist Skinhead,1,SD,2013
Racist Skinhead,1,SD,2014
Racist Skinhead,1,TN,2004
Racist Skinhead,1,TN,2005
Racist Skinhead,1,TN,2006
Racist Skinhead,1,TN,2007
Racist Skinhead,1,TN,2008
Racist Skinhead,1,TN,2014
Racist Skinhead,1,TX,2000
Racist Skinhead,1,TX,2001
Racist Skinhead,1,TX,2002
Racist Skinhead,1,TX,2003
Racist Skinhead,1,TX,2015
Racist Skinhead,1,UT,2005
Racist Skinhead,1,UT,2008
Racist Skinhead,1,UT,2013
Racist Skinhead,1,UT,2014
Racist Skinhead,1,VA,2000
Racist Skinhead,1,VA,2004
Racist Skinhead,1,VA,2005
Racist Skinhead,1,VT,2013
Racist Skinhead,1,VT,2014
Racist Skinhead,1,WA,2002
Racist Skinhead,1,WA,2004
Racist Skinhead,1,WA,2005
Racist Skinhead,1,WA,2008
Racist Skinhead,1,WA,2012
Racist Skinhead,1,WI,2000
Racist Skinhead,1,WI,2004
Racist Skinhead,1,WI,2006
Racist Skinhead,1,WI,2010
Racist Skinhead,1,WI,2011
Racist Skinhead,1,WV,2001
Racist Skinhead,1,WV,2003
Racist Skinhead,1,WV,2004
Racist Skinhead,1,WV,2005
Racist Skinhead,1,WV,2012
Racist Skinhead,1,WV,2013
Racist Skinhead,1,WV,2014
Racist Skinhead,1,WV,2015
Racist Skinhead,1,WY,2004
Racist Skinhead,1,WY,2006
Racist Skinhead,1,WY,2007
Racist Skinhead,10,CA,2010
Racist Skinhead,10,CA,2012
Racist Skinhead,10,CA,2014
Racist Skinhead,10,CA,2015
Racist Skinhead,10,FL,2009
Racist Skinhead,10,FL,2012
Racist Skinhead,10,FL,2013
Racist Skinhead,10,FL,2014
Racist Skinhead,10,NJ,2015
Racist Skinhead,10,PA,2004
Racist Skinhead,10,PA,2010
Racist Skinhead,11,CA,2011
Racist Skinhead,11,CA,2013
Racist Skinhead,11,FL,2011
Racist Skinhead,11,NJ,2005
Racist Skinhead,11,NJ,2006
Racist Skinhead,11,PA,2005
Racist Skinhead,11,PA,2007
Racist Skinhead,11,PA,2008
Racist Skinhead,12,CA,2009
Racist Skinhead,12,NJ,2004
Racist Skinhead,12,NJ,2007
Racist Skinhead,13,NJ,2003
Racist Skinhead,16,NJ,2008
Racist Skinhead,17,CA,2006
Racist Skinhead,2,AL,2010
Racist Skinhead,2,AL,2011
Racist Skinhead,2,AL,2012
Racist Skinhead,2,AL,2013
Racist Skinhead,2,AL,2015
Racist Skinhead,2,AR,2008
Racist Skinhead,2,AR,2009
Racist Skinhead,2,AR,2010
Racist Skinhead,2,AR,2011
Racist Skinhead,2,AZ,2001
Racist Skinhead,2,AZ,2005
Racist Skinhead,2,AZ,2006
Racist Skinhead,2,AZ,2007
Racist Skinhead,2,AZ,2015
Racist Skinhead,2,CO,2010
Racist Skinhead,2,CO,2011
Racist Skinhead,2,CO,2012
Racist Skinhead,2,CO,2013
Racist Skinhead,2,CO,2015
Racist Skinhead,2,FL,2004
Racist Skinhead,2,GA,2003
Racist Skinhead,2,GA,2005
Racist Skinhead,2,GA,2006
Racist Skinhead,2,GA,2014
Racist Skinhead,2,IA,2010
Racist Skinhead,2,IA,2011
Racist Skinhead,2,IA,2012
Racist Skinhead,2,ID,2012
Racist Skinhead,2,ID,2013
Racist Skinhead,2,ID,2015
Racist Skinhead,2,IL,2007
Racist Skinhead,2,IN,2003
Racist Skinhead,2,IN,2004
Racist Skinhead,2,IN,2005
Racist Skinhead,2,IN,2011
Racist Skinhead,2,IN,2012
Racist Skinhead,2,IN,2013
Racist Skinhead,2,KS,2012
Racist Skinhead,2,KS,2013
Racist Skinhead,2,KS,2014
Racist Skinhead,2,KS,2015
Racist Skinhead,2,KY,2010
Racist Skinhead,2,KY,2011
Racist Skinhead,2,LA,2013
Racist Skinhead,2,LA,2014
Racist Skinhead,2,MA,2009
Racist Skinhead,2,MA,2011
Racist Skinhead,2,MA,2012
Racist Skinhead,2,MA,2014
Racist Skinhead,2,MD,2001
Racist Skinhead,2,MD,2002
Racist Skinhead,2,MD,2012
Racist Skinhead,2,MD,2014
Racist Skinhead,2,MD,2015
Racist Skinhead,2,ME,2010
Racist Skinhead,2,ME,2011
Racist Skinhead,2,MI,2007
Racist Skinhead,2,MI,2015
Racist Skinhead,2,MN,2009
Racist Skinhead,2,MN,2012
Racist Skinhead,2,MN,2014
Racist Skinhead,2,MO,2001
Racist Skinhead,2,MO,2002
Racist Skinhead,2,MO,2007
Racist Skinhead,2,MO,2015
Racist Skinhead,2,MS,2012
Racist Skinhead,2,NC,2006
Racist Skinhead,2,NC,2007
Racist Skinhead,2,NC,2008
Racist Skinhead,2,NE,2012
Racist Skinhead,2,NE,2013
Racist Skinhead,2,NE,2014
Racist Skinhead,2,NH,2014
Racist Skinhead,2,NH,2015
Racist Skinhead,2,NJ,2001
Racist Skinhead,2,NV,2002
Racist Skinhead,2,NV,2007
Racist Skinhead,2,NV,2008
Racist Skinhead,2,NY,2001
Racist Skinhead,2,NY,2007
Racist Skinhead,2,NY,2009
Racist Skinhead,2,NY,2014
Racist Skinhead,2,NY,2015
Racist Skinhead,2,OH,2001
Racist Skinhead,2,OH,2006
Racist Skinhead,2,OK,2009
Racist Skinhead,2,OK,2012
Racist Skinhead,2,OK,2013
Racist Skinhead,2,OK,2014
Racist Skinhead,2,OR,2000
Racist Skinhead,2,OR,2001
Racist Skinhead,2,OR,2006
Racist Skinhead,2,OR,2007
Racist Skinhead,2,OR,2009
Racist Skinhead,2,PA,2000
Racist Skinhead,2,SC,2015
Racist Skinhead,2,SD,2015
Racist Skinhead,2,TN,2009
Racist Skinhead,2,TN,2010
Racist Skinhead,2,TN,2013
Racist Skinhead,2,TX,2004
Racist Skinhead,2,TX,2005
Racist Skinhead,2,VA,2007
Racist Skinhead,2,VA,2009
Racist Skinhead,2,VA,2013
Racist Skinhead,2,WA,2001
Racist Skinhead,2,WA,2010
Racist Skinhead,2,WA,2011
Racist Skinhead,2,WA,2013
Racist Skinhead,2,WA,2014
Racist Skinhead,2,WA,2015
Racist Skinhead,2,WI,2001
Racist Skinhead,2,WI,2005
Racist Skinhead,2,WI,2009
Racist Skinhead,2,WI,2012
Racist Skinhead,2,WY,2005
Racist Skinhead,21,CA,2007
Racist Skinhead,22,NJ,2014
Racist Skinhead,23,NJ,2009
Racist Skinhead,23,NJ,2010
Racist Skinhead,23,NJ,2013
Racist Skinhead,25,NJ,2011
Racist Skinhead,27,NJ,2012
Racist Skinhead,3,AL,2009
Racist Skinhead,3,AL,2014
Racist Skinhead,3,AZ,2000
Racist Skinhead,3,AZ,2008
Racist Skinhead,3,AZ,2010
Racist Skinhead,3,CA,2005
Racist Skinhead,3,CO,2014
Racist Skinhead,3,FL,2001
Racist Skinhead,3,FL,2003
Racist Skinhead,3,FL,2005
Racist Skinhead,3,GA,2004
Racist Skinhead,3,GA,2010
Racist Skinhead,3,GA,2011
Racist Skinhead,3,ID,2010
Racist Skinhead,3,ID,2011
Racist Skinhead,3,IL,2011
Racist Skinhead,3,IL,2013
Racist Skinhead,3,IL,2014
Racist Skinhead,3,IL,2015
Racist Skinhead,3,IN,2001
Racist Skinhead,3,IN,2009
Racist Skinhead,3,IN,2014
Racist Skinhead,3,KY,2013
Racist Skinhead,3,KY,2014
Racist Skinhead,3,MD,2013
Racist Skinhead,3,MI,2000
Racist Skinhead,3,MO,2008
Racist Skinhead,3,MO,2012
Racist Skinhead,3,MO,2013
Racist Skinhead,3,MO,2014
Racist Skinhead,3,NC,2012
Racist Skinhead,3,NC,2013
Racist Skinhead,3,NC,2014
Racist Skinhead,3,NY,2006
Racist Skinhead,3,NY,2013
Racist Skinhead,3,OH,2003
Racist Skinhead,3,OH,2004
Racist Skinhead,3,OH,2005
Racist Skinhead,3,OH,2008
Racist Skinhead,3,OR,2011
Racist Skinhead,3,SC,2013
Racist Skinhead,3,TN,2012
Racist Skinhead,3,VA,2015
Racist Skinhead,3,WA,2000
Racist Skinhead,3,WA,2006
Racist Skinhead,3,WA,2009
Racist Skinhead,32,CA,2008
Racist Skinhead,4,CA,2001
Racist Skinhead,4,GA,2015
Racist Skinhead,4,IL,2009
Racist Skinhead,4,IN,2000
Racist Skinhead,4,IN,2010
Racist Skinhead,4,IN,2015
Racist Skinhead,4,MI,2009
Racist Skinhead,4,MI,2012
Racist Skinhead,4,MI,2013
Racist Skinhead,4,MO,2009
Racist Skinhead,4,MO,2011
Racist Skinhead,4,MS,2010
Racist Skinhead,4,MS,2011
Racist Skinhead,4,NC,2009
Racist Skinhead,4,NV,2006
Racist Skinhead,4,OH,2009
Racist Skinhead,4,OH,2015
Racist Skinhead,4,OR,2010
Racist Skinhead,4,TX,2006
Racist Skinhead,4,TX,2014
Racist Skinhead,4,VA,2012
Racist Skinhead,4,VA,2014
Racist Skinhead,4,WA,2007
Racist Skinhead,5,AZ,2009
Racist Skinhead,5,FL,2006
Racist Skinhead,5,IL,2010
Racist Skinhead,5,IL,2012
Racist Skinhead,5,MO,2010
Racist Skinhead,5,NC,2010
Racist Skinhead,5,NC,2015
Racist Skinhead,5,OH,2012
Racist Skinhead,5,OH,2013
Racist Skinhead,5,OH,2014
Racist Skinhead,5,PA,2011
Racist Skinhead,5,TN,2015
Racist Skinhead,5,TX,2008
Racist Skinhead,5,TX,2010
Racist Skinhead,5,TX,2011
Racist Skinhead,5,VA,2010
Racist Skinhead,5,VA,2011
Racist Skinhead,6,CA,2000
Racist Skinhead,6,FL,2007
Racist Skinhead,6,MI,2010
Racist Skinhead,6,MI,2011
Racist Skinhead,6,NC,2011
Racist Skinhead,6,OH,2011
Racist Skinhead,6,PA,2012
Racist Skinhead,6,PA,2015
Racist Skinhead,6,TN,2011
Racist Skinhead,6,TX,2007
Racist Skinhead,6,TX,2013
Racist Skinhead,7,FL,2008
Racist Skinhead,7,FL,2015
Racist Skinhead,7,OH,2010
Racist Skinhead,7,PA,2003
Racist Skinhead,7,PA,2009
Racist Skinhead,7,PA,2014
Racist Skinhead,7,TX,2012
Racist Skinhead,8,PA,2013
Racist Skinhead,8,TX,2009
Racist Skinhead,9,AZ,2012
Racist Skinhead,9,FL,2010
Racist Skinhead,9,PA,2006
White Nationalist,1,AK,2012
White Nationalist,1,AR,2006
White Nationalist,1,AR,2007
White Nationalist,1,AR,2008
White Nationalist,1,AR,2009
White Nationalist,1,AR,2010
White Nationalist,1,AR,2012
White Nationalist,1,AZ,2008
White Nationalist,1,AZ,2009
White Nationalist,1,CA,2006
White Nationalist,1,CO,2006
White Nationalist,1,CO,2007
White Nationalist,1,CO,2009
White Nationalist,1,CO,2010
White Nationalist,1,CO,2011
White Nationalist,1,CO,2013
White Nationalist,1,CO,2015
White Nationalist,1,CT,2007
White Nationalist,1,CT,2008
White Nationalist,1,CT,2010
White Nationalist,1,CT,2011
White Nationalist,1,CT,2012
White Nationalist,1,CT,2013
White Nationalist,1,DC,2006
White Nationalist,1,DC,2007
White Nationalist,1,DE,2014
White Nationalist,1,DE,2015
White Nationalist,1,IA,2006
White Nationalist,1,IA,2007
White Nationalist,1,IA,2009
White Nationalist,1,ID,2007
White Nationalist,1,ID,2008
White Nationalist,1,ID,2009
White Nationalist,1,ID,2015
White Nationalist,1,IL,2012
White Nationalist,1,IL,2013
White Nationalist,1,IL,2014
White Nationalist,1,KY,2011
White Nationalist,1,KY,2012
White Nationalist,1,KY,2014
White Nationalist,1,KY,2015
White Nationalist,1,LA,2015
White Nationalist,1,MA,2006
White Nationalist,1,MA,2015
White Nationalist,1,MD,2007
White Nationalist,1,ME,2007
White Nationalist,1,ME,2009
White Nationalist,1,ME,2011
White Nationalist,1,MI,2012
White Nationalist,1,MI,2013
White Nationalist,1,MN,2006
White Nationalist,1,MN,2007
White Nationalist,1,MN,2010
White Nationalist,1,MN,2011
White Nationalist,1,NC,2008
White Nationalist,1,NC,2014
White Nationalist,1,ND,2009
White Nationalist,1,ND,2011
White Nationalist,1,ND,2012
White Nationalist,1,ND,2013
White Nationalist,1,ND,2014
White Nationalist,1,ND,2015
White Nationalist,1,NH,2008
White Nationalist,1,NH,2009
White Nationalist,1,NH,2011
White Nationalist,1,NH,2012
White Nationalist,1,NH,2013
White Nationalist,1,NJ,2014
White Nationalist,1,NJ,2015
White Nationalist,1,NM,2009
White Nationalist,1,NV,2006
White Nationalist,1,NV,2007
White Nationalist,1,NV,2014
White Nationalist,1,NV,2015
White Nationalist,1,OH,2006
White Nationalist,1,OH,2007
White Nationalist,1,OH,2006
White Nationalist,1,OH,2007
White Nationalist,1,OH,2008
White Nationalist,1,OK,2006
White Nationalist,1,OK,2007
White Nationalist,1,OK,2008
White Nationalist,1,OK,2009
White Nationalist,1,OK,2011
White Nationalist,1,OK,2012
White Nationalist,1,OK,2013
White Nationalist,1,OR,2008
White Nationalist,1,OR,2009
White Nationalist,1,OR,2010
White Nationalist,1,PA,2006
White Nationalist,1,PA,2007
White Nationalist,1,RI,2009
White Nationalist,1,UT,2008
White Nationalist,1,UT,2009
White Nationalist,1,VT,2009
White Nationalist,1,VT,2012
White Nationalist,1,WA,2015
White Nationalist,1,WI,2006
White Nationalist,1,WI,2007
White Nationalist,1,WI,2010
White Nationalist,1,WI,2011
White Nationalist,1,WI,2015
White Nationalist,1,WV,2007
White Nationalist,1,WV,2009
White Nationalist,1,WV,2012
White Nationalist,1,WV,2014
White Nationalist,1,WY,2015
White Nationalist,10,CA,2009
White Nationalist,10,CA,2010
White Nationalist,10,CA,2012
White Nationalist,10,MS,2009
White Nationalist,10,VA,2006
White Nationalist,10,VA,2007
White Nationalist,10,VA,2011
White Nationalist,11,CA,2013
White Nationalist,11,MS,2006
White Nationalist,11,MS,2007
White Nationalist,11,MS,2010
White Nationalist,11,MS,2011
White Nationalist,11,MS,2012
White Nationalist,11,NY,2012
White Nationalist,11,NY,2013
White Nationalist,2,AR,2011
White Nationalist,2,AZ,2010
White Nationalist,2,AZ,2013
White Nationalist,2,CO,2012
White Nationalist,2,CO,2014
White Nationalist,2,CT,2006
White Nationalist,2,CT,2009
White Nationalist,2,DC,2009
White Nationalist,2,DC,2010
White Nationalist,2,DC,2011
White Nationalist,2,DC,2012
White Nationalist,2,DC,2013
White Nationalist,2,DC,2015
White Nationalist,2,ID,2006
White Nationalist,2,ID,2010
White Nationalist,2,ID,2013
White Nationalist,2,ID,2014
White Nationalist,2,IN,2006
White Nationalist,2,IN,2015
White Nationalist,2,KY,2013
White Nationalist,2,LA,2014
White Nationalist,2,MA,2007
White Nationalist,2,MA,2010
White Nationalist,2,MA,2011
White Nationalist,2,MD,2006
White Nationalist,2,MD,2008
White Nationalist,2,MD,2009
White Nationalist,2,MD,2010
White Nationalist,2,MD,2013
White Nationalist,2,MD,2014
White Nationalist,2,MI,2006
White Nationalist,2,MI,2010
White Nationalist,2,MI,2014
White Nationalist,2,MI,2015
White Nationalist,2,MN,2012
White Nationalist,2,NC,2009
White Nationalist,2,NC,2015
White Nationalist,2,NH,2006
White Nationalist,2,NH,2007
White Nationalist,2,NH,2010
White Nationalist,2,NJ,2006
White Nationalist,2,NJ,2007
White Nationalist,2,NJ,2008
White Nationalist,2,NV,2012
White Nationalist,2,NV,2013
White Nationalist,2,OH,2009
White Nationalist,2,OH,2010
White Nationalist,2,OK,2010
White Nationalist,2,OR,2011
White Nationalist,2,OR,2012
White Nationalist,2,OR,2015
White Nationalist,2,PA,2010
White Nationalist,2,WA,2006
White Nationalist,2,WA,2007
White Nationalist,2,WA,2008
White Nationalist,2,WA,2009
White Nationalist,2,WA,2010
White Nationalist,2,WA,2012
White Nationalist,2,WA,2013
White Nationalist,2,WI,2013
White Nationalist,2,WI,2014
White Nationalist,2,WV,2010
White Nationalist,2,WV,2011
White Nationalist,2,WV,2013
White Nationalist,3,AL,2015
White Nationalist,3,AZ,2011
White Nationalist,3,AZ,2012
White Nationalist,3,AZ,2014
White Nationalist,3,AZ,2015
White Nationalist,3,DC,2014
White Nationalist,3,ID,2011
White Nationalist,3,IL,2006
White Nationalist,3,IL,2007
White Nationalist,3,IN,2007
White Nationalist,3,IN,2008
White Nationalist,3,IN,2012
White Nationalist,3,IN,2013
White Nationalist,3,MA,2008
White Nationalist,3,MA,2009
White Nationalist,3,MA,2013
White Nationalist,3,MD,2011
White Nationalist,3,MD,2015
White Nationalist,3,MI,2007
White Nationalist,3,MI,2009
White Nationalist,3,MI,2011
White Nationalist,3,MO,2013
White Nationalist,3,MS,2013
White Nationalist,3,MT,2011
White Nationalist,3,NC,2006
White Nationalist,3,NC,2011
White Nationalist,3,NC,2012
White Nationalist,3,NC,2013
White Nationalist,3,NJ,2009
White Nationalist,3,NJ,2013
White Nationalist,3,NV,2008
White Nationalist,3,NV,2011
White Nationalist,3,OH,2012
White Nationalist,3,OR,2013
White Nationalist,3,PA,2006
White Nationalist,3,PA,2007
White Nationalist,3,PA,2008
White Nationalist,3,PA,2009
White Nationalist,3,PA,2011
White Nationalist,3,PA,2012
White Nationalist,3,PA,2015
White Nationalist,3,TN,2014
White Nationalist,3,TX,2006
White Nationalist,3,TX,2007
White Nationalist,3,TX,2009
White Nationalist,3,TX,2010
White Nationalist,3,WA,2011
White Nationalist,3,WA,2014
White Nationalist,4,FL,2009
White Nationalist,4,GA,2006
White Nationalist,4,GA,2012
White Nationalist,4,GA,2015
White Nationalist,4,ID,2012
White Nationalist,4,IL,2009
White Nationalist,4,IL,2010
White Nationalist,4,IN,2009
White Nationalist,4,IN,2010
White Nationalist,4,IN,2011
White Nationalist,4,LA,2010
White Nationalist,4,LA,2012
White Nationalist,4,MA,2014
White Nationalist,4,MI,2008
White Nationalist,4,MO,2010
White Nationalist,4,MO,2012
White Nationalist,4,MO,2014
White Nationalist,4,MO,2015
White Nationalist,4,MS,2015
White Nationalist,4,MT,2012
White Nationalist,4,MT,2013
White Nationalist,4,NJ,2010
White Nationalist,4,NJ,2011
White Nationalist,4,NJ,2012
White Nationalist,4,OH,2011
White Nationalist,4,OH,2013
White Nationalist,4,OH,2014
White Nationalist,4,OR,2014
White Nationalist,4,PA,2013
White Nationalist,4,PA,2014
White Nationalist,4,SC,2012
White Nationalist,4,SC,2013
White Nationalist,4,SC,2014
White Nationalist,4,TX,2008
White Nationalist,4,TX,2011
White Nationalist,4,TX,2012
White Nationalist,4,VA,2014
White Nationalist,4,VA,2015
White Nationalist,5,AL,2014
White Nationalist,5,FL,2011
White Nationalist,5,FL,2015
White Nationalist,5,GA,2011
White Nationalist,5,GA,2013
White Nationalist,5,GA,2014
White Nationalist,5,IL,2008
White Nationalist,5,IL,2011
White Nationalist,5,IN,2014
White Nationalist,5,LA,2008
White Nationalist,5,LA,2013
White Nationalist,5,MD,2012
White Nationalist,5,MO,2006
White Nationalist,5,MO,2007
White Nationalist,5,MO,2011
White Nationalist,5,MT,2014
White Nationalist,5,MT,2015
White Nationalist,5,NC,2007
White Nationalist,5,NC,2010
White Nationalist,5,NV,2009
White Nationalist,5,NV,2010
White Nationalist,5,NY,2006
White Nationalist,5,OH,2015
White Nationalist,5,SC,2006
White Nationalist,5,SC,2015
White Nationalist,5,TN,2013
White Nationalist,5,TX,2014
White Nationalist,5,TX,2015
White Nationalist,6,AL,2008
White Nationalist,6,AL,2009
White Nationalist,6,AL,2012
White Nationalist,6,AL,2013
White Nationalist,6,CA,2008
White Nationalist,6,CA,2014
White Nationalist,6,CA,2015
White Nationalist,6,FL,2008
White Nationalist,6,FL,2014
White Nationalist,6,GA,2008
White Nationalist,6,GA,2009
White Nationalist,6,GA,2010
White Nationalist,6,LA,2007
White Nationalist,6,LA,2009
White Nationalist,6,LA,2011
White Nationalist,6,MO,2008
White Nationalist,6,MO,2009
White Nationalist,6,NY,2007
White Nationalist,6,NY,2008
White Nationalist,6,SC,2007
White Nationalist,6,SC,2008
White Nationalist,6,SC,2011
White Nationalist,6,TN,2006
White Nationalist,6,VA,2009
White Nationalist,6,VA,2013
White Nationalist,7,AL,2006
White Nationalist,7,AL,2007
White Nationalist,7,AL,2011
White Nationalist,7,CA,2007
White Nationalist,7,FL,2010
White Nationalist,7,GA,2007
White Nationalist,7,LA,2006
White Nationalist,7,NY,2009
White Nationalist,7,NY,2010
White Nationalist,7,NY,2011
White Nationalist,7,NY,2015
White Nationalist,7,TN,2007
White Nationalist,7,TN,2008
White Nationalist,7,TN,2010
White Nationalist,7,TN,2012
White Nationalist,7,TN,2015
White Nationalist,7,VA,2008
White Nationalist,7,VA,2012
White Nationalist,8,AL,2010
White Nationalist,8,FL,2012
White Nationalist,8,FL,2013
White Nationalist,8,SC,2009
White Nationalist,8,TN,2009
White Nationalist,8,TN,2011
White Nationalist,8,VA,2010
White Nationalist,9,CA,2011
White Nationalist,9,FL,2006
White Nationalist,9,FL,2007
White Nationalist,9,MS,2008
White Nationalist,9,MS,2014
White Nationalist,9,NY,2014
White Nationalist,9,SC,2010
White Nationalist,9,TX,2013
Radical Catholic,1,WA,2014
Radical Catholic,1,FL,2014
Radical Catholic,2,NH,2014
Radical Catholic,3,NY,2014
Radical Catholic,3,PA,2014
Radical Catholic,2,VA,2014
Radical Catholic,2,CA,2014
Radical Catholic,1,IN,2014
Radical Catholic,1,OH,2014
Radical Catholic,1,MN,2014
Radical Catholic,1,WA,2009
Radical Catholic,2,NH,2009
Radical Catholic,2,TX,2009
Radical Catholic,2,NY,2009
Radical Catholic,3,PA,2009
Radical Catholic,1,VA,2009
Radical Catholic,2,CA,2009
Radical Catholic,2,IN,2009
Radical Catholic,1,MN,2009
Radical Catholic,1,WA,2012
Radical Catholic,1,FL,2012
Radical Catholic,2,NH,2012
Radical Catholic,1,TX,2012
Radical Catholic,3,NY,2012
Radical Catholic,3,PA,2012
Radical Catholic,1,VA,2012
Radical Catholic,2,CA,2012
Radical Catholic,1,IN,2012
Radical Catholic,1,OH,2012
Radical Catholic,1,MN,2012
Radical Catholic,1,WA,2013
Radical Catholic,1,FL,2013
Radical Catholic,2,NH,2013
Radical Catholic,3,NY,2013
Radical Catholic,3,PA,2013
Radical Catholic,2,VA,2013
Radical Catholic,2,CA,2013
Radical Catholic,1,IN,2013
Radical Catholic,1,OH,2013
Radical Catholic,1,MN,2013
Radical Catholic,1,WA,2006
Radical Catholic,1,WV,2006
Radical Catholic,1,NH,2006
Radical Catholic,2,NY,2006
Radical Catholic,2,PA,2006
Radical Catholic,1,VA,2006
Radical Catholic,2,CA,2006
Radical Catholic,2,IN,2006
Radical Catholic,1,MN,2006
Radical Catholic,1,WA,2007
Radical Catholic,1,NH,2007
Radical Catholic,2,NY,2007
Radical Catholic,3,PA,2007
Radical Catholic,2,VA,2007
Radical Catholic,2,CA,2007
Radical Catholic,2,IN,2007
Radical Catholic,1,MN,2007
Radical Catholic,1,WA,2015
Radical Catholic,1,FL,2015
Radical Catholic,2,NH,2015
Radical Catholic,3,NY,2015
Radical Catholic,3,PA,2015
Radical Catholic,2,VA,2015
Radical Catholic,2,CA,2015
Radical Catholic,1,IN,2015
Radical Catholic,1,OH,2015
Radical Catholic,1,MN,2015
Radical Catholic,1,WA,2011
Radical Catholic,2,NH,2011
Radical Catholic,2,TX,2011
Radical Catholic,3,NY,2011
Radical Catholic,3,PA,2011
Radical Catholic,1,VA,2011
Radical Catholic,2,CA,2011
Radical Catholic,1,IN,2011
Radical Catholic,1,OH,2011
Radical Catholic,1,MN,2011
Radical Catholic,1,WA,2010
Radical Catholic,2,NH,2010
Radical Catholic,2,TX,2010
Radical Catholic,3,NY,2010
Radical Catholic,3,PA,2010
Radical Catholic,1,VA,2010
Radical Catholic,2,CA,2010
Radical Catholic,2,IN,2010
Radical Catholic,1,MN,2010
Radical Catholic,1,WA,2008
Radical Catholic,1,NH,2008
Radical Catholic,2,NY,2008
Radical Catholic,3,PA,2008
Radical Catholic,2,VA,2008
Radical Catholic,2,CA,2008
Radical Catholic,2,IN,2008
Radical Catholic,1,MN,2008
Holocaust Denial,1,DC,2006
Holocaust Denial,1,NY,2006
Holocaust Denial,2,CA,2006
Holocaust Denial,1,ID,2006
Holocaust Denial,1,DC,2007
Holocaust Denial,1,TX,2007
Holocaust Denial,1,NY,2007
Holocaust Denial,2,CA,2007
Holocaust Denial,2,ID,2007
Holocaust Denial,1,DC,2015
Holocaust Denial,1,FL,2015
Holocaust Denial,1,NY,2015
Holocaust Denial,1,PA,2015
Holocaust Denial,4,CA,2015
Holocaust Denial,2,ID,2015
Holocaust Denial,1,DC,2014
Holocaust Denial,1,FL,2014
Holocaust Denial,1,NY,2014
Holocaust Denial,1,PA,2014
Holocaust Denial,4,CA,2014
Holocaust Denial,2,ID,2014
Holocaust Denial,1,DC,2008
Holocaust Denial,1,TX,2008
Holocaust Denial,1,NY,2008
Holocaust Denial,2,CA,2008
Holocaust Denial,2,ID,2008
Holocaust Denial,1,DC,2009
Holocaust Denial,1,NY,2009
Holocaust Denial,3,CA,2009
Holocaust Denial,2,ID,2009
Holocaust Denial,1,DC,2011
Holocaust Denial,1,FL,2011
Holocaust Denial,1,NY,2011
Holocaust Denial,4,CA,2011
Holocaust Denial,2,ID,2011
Holocaust Denial,1,DC,2010
Holocaust Denial,1,NY,2010
Holocaust Denial,4,CA,2010
Holocaust Denial,2,ID,2010
Holocaust Denial,1,DC,2013
Holocaust Denial,1,FL,2013
Holocaust Denial,1,NY,2013
Holocaust Denial,1,PA,2013
Holocaust Denial,4,CA,2013
Holocaust Denial,2,ID,2013
Holocaust Denial,1,DC,2012
Holocaust Denial,1,FL,2012
Holocaust Denial,1,NY,2012
Holocaust Denial,4,CA,2012
Holocaust Denial,2,ID,2012
Anti-LGBT,3,DC,2015
Anti-LGBT,1,WI,2015
Anti-LGBT,3,FL,2015
Anti-LGBT,4,TX,2015
Anti-LGBT,1,NC,2015
Anti-LGBT,3,NY,2015
Anti-LGBT,1,PA,2015
Anti-LGBT,1,VA,2015
Anti-LGBT,5,CO,2015
Anti-LGBT,5,CA,2015
Anti-LGBT,4,IL,2015
Anti-LGBT,2,GA,2015
Anti-LGBT,1,IN,2015
Anti-LGBT,2,MA,2015
Anti-LGBT,2,AZ,2015
Anti-LGBT,1,OK,2015
Anti-LGBT,4,OH,2015
Anti-LGBT,1,MN,2015
Anti-LGBT,1,MI,2015
Anti-LGBT,1,KS,2015
Anti-LGBT,1,MS,2015
Anti-LGBT,1,SC,2015
Anti-LGBT,3,DC,2014
Anti-LGBT,1,WI,2014
Anti-LGBT,3,FL,2014
Anti-LGBT,3,TX,2014
Anti-LGBT,1,NC,2014
Anti-LGBT,3,NY,2014
Anti-LGBT,1,PA,2014
Anti-LGBT,1,VA,2014
Anti-LGBT,4,CO,2014
Anti-LGBT,5,CA,2014
Anti-LGBT,4,IL,2014
Anti-LGBT,2,GA,2014
Anti-LGBT,2,MA,2014
Anti-LGBT,2,AZ,2014
Anti-LGBT,1,OK,2014
Anti-LGBT,2,OH,2014
Anti-LGBT,2,MN,2014
Anti-LGBT,1,MI,2014
Anti-LGBT,1,KS,2014
Anti-LGBT,1,MS,2014
Anti-LGBT,1,SC,2014
Anti-LGBT,3,DC,2013
Anti-LGBT,1,WI,2013
Anti-LGBT,3,FL,2013
Anti-LGBT,1,TX,2013
Anti-LGBT,1,NC,2013
Anti-LGBT,2,NY,2013
Anti-LGBT,1,PA,2013
Anti-LGBT,4,CO,2013
Anti-LGBT,5,CA,2013
Anti-LGBT,4,IL,2013
Anti-LGBT,2,GA,2013
Anti-LGBT,1,OK,2013
Anti-LGBT,3,AZ,2013
Anti-LGBT,2,MA,2013
Anti-LGBT,1,OH,2013
Anti-LGBT,2,MN,2013
Anti-LGBT,1,MI,2013
Anti-LGBT,1,KS,2013
Anti-LGBT,1,MS,2013
Anti-LGBT,1,SC,2013
Racist Music,1,DE,2006
Racist Music,2,WV,2006
Racist Music,1,NJ,2006
Racist Music,2,TX,2006
Racist Music,1,NY,2006
Racist Music,1,CO,2006
Racist Music,3,CA,2006
Racist Music,1,GA,2006
Racist Music,2,OH,2006
Racist Music,1,DE,2007
Racist Music,2,WV,2007
Racist Music,1,NJ,2007
Racist Music,2,TX,2007
Racist Music,1,NY,2007
Racist Music,1,CO,2007
Racist Music,3,CA,2007
Racist Music,1,GA,2007
Racist Music,2,OH,2007
Racist Music,1,WI,2015
Racist Music,1,NJ,2015
Racist Music,1,PA,2015
Racist Music,1,CO,2015
Racist Music,2,AR,2015
Racist Music,1,IL,2015
Racist Music,1,MD,2015
Racist Music,1,OH,2015
Racist Music,1,MI,2015
Racist Music,1,WI,2014
Racist Music,1,NJ,2014
Racist Music,1,TX,2014
Racist Music,1,PA,2014
Racist Music,1,CO,2014
Racist Music,1,CA,2014
Racist Music,2,AR,2014
Racist Music,1,MD,2014
Racist Music,1,OH,2014
Racist Music,1,MI,2014
Racist Music,1,DE,2008
Racist Music,2,WV,2008
Racist Music,1,NJ,2008
Racist Music,2,TX,2008
Racist Music,1,NY,2008
Racist Music,1,CO,2008
Racist Music,1,CA,2008
Racist Music,1,AR,2008
Racist Music,1,GA,2008
Racist Music,2,OH,2008
Racist Music,1,DE,2009
Racist Music,2,WV,2009
Racist Music,2,NJ,2009
Racist Music,1,TX,2009
Racist Music,1,PA,2009
Racist Music,1,CO,2009
Racist Music,2,AR,2009
Racist Music,2,OH,2009
Racist Music,1,MT,2009
Racist Music,1,DE,2011
Racist Music,1,WV,2011
Racist Music,1,NJ,2011
Racist Music,1,TX,2011
Racist Music,2,PA,2011
Racist Music,1,CO,2011
Racist Music,2,CA,2011
Racist Music,2,AR,2011
Racist Music,2,OH,2011
Racist Music,1,MT,2011
Racist Music,1,OR,2011
Racist Music,1,DE,2010
Racist Music,2,WV,2010
Racist Music,1,NJ,2010
Racist Music,1,TX,2010
Racist Music,2,PA,2010
Racist Music,1,CO,2010
Racist Music,2,CA,2010
Racist Music,2,AR,2010
Racist Music,2,OH,2010
Racist Music,1,MT,2010
Racist Music,1,NJ,2013
Racist Music,1,TX,2013
Racist Music,1,PA,2013
Racist Music,1,CO,2013
Racist Music,1,CA,2013
Racist Music,2,AR,2013
Racist Music,1,MD,2013
Racist Music,1,OH,2013
Racist Music,1,WV,2012
Racist Music,1,NJ,2012
Racist Music,1,TX,2012
Racist Music,1,PA,2012
Racist Music,1,CO,2012
Racist Music,1,CA,2012
Racist Music,2,AR,2012
Racist Music,1,MD,2012
Racist Music,2,OH,2012
Anti-Immigrant,1,TX,2006
Anti-Immigrant,1,NY,2006
Anti-Immigrant,1,NV,2006
Anti-Immigrant,1,VA,2006
Anti-Immigrant,1,CO,2006
Anti-Immigrant,4,CA,2006
Anti-Immigrant,1,IL,2006
Anti-Immigrant,1,AZ,2006
Anti-Immigrant,1,MI,2006
Anti-Immigrant,1,DC,2007
Anti-Immigrant,1,TX,2007
Anti-Immigrant,1,NY,2007
Anti-Immigrant,1,NV,2007
Anti-Immigrant,1,VA,2007
Anti-Immigrant,1,CO,2007
Anti-Immigrant,5,CA,2007
Anti-Immigrant,1,IL,2007
Anti-Immigrant,1,AZ,2007
Anti-Immigrant,1,MI,2007
Anti-Immigrant,1,DC,2015
Anti-Immigrant,1,TX,2015
Anti-Immigrant,1,NC,2015
Anti-Immigrant,1,NY,2015
Anti-Immigrant,2,VA,2015
Anti-Immigrant,1,CO,2015
Anti-Immigrant,2,CA,2015
Anti-Immigrant,2,AZ,2015
Anti-Immigrant,1,SC,2015
Anti-Immigrant,1,DC,2014
Anti-Immigrant,1,NC,2014
Anti-Immigrant,1,NY,2014
Anti-Immigrant,2,VA,2014
Anti-Immigrant,1,CA,2014
Anti-Immigrant,2,AZ,2014
Anti-Immigrant,1,MI,2014
Anti-Immigrant,1,SC,2014
Anti-Immigrant,1,DC,2008
Anti-Immigrant,1,TX,2008
Anti-Immigrant,1,NV,2008
Anti-Immigrant,1,VA,2008
Anti-Immigrant,1,CO,2008
Anti-Immigrant,3,CA,2008
Anti-Immigrant,1,AZ,2008
Anti-Immigrant,1,MA,2008
Anti-Immigrant,1,MI,2008
Anti-Immigrant,1,DC,2009
Anti-Immigrant,1,TX,2009
Anti-Immigrant,1,NV,2009
Anti-Immigrant,1,VA,2009
Anti-Immigrant,1,CO,2009
Anti-Immigrant,3,CA,2009
Anti-Immigrant,2,AZ,2009
Anti-Immigrant,1,MA,2009
Anti-Immigrant,1,MI,2009
Anti-Immigrant,1,DC,2011
Anti-Immigrant,1,TX,2011
Anti-Immigrant,1,VA,2011
Anti-Immigrant,3,CA,2011
Anti-Immigrant,1,MA,2011
Anti-Immigrant,3,AZ,2011
Anti-Immigrant,1,MI,2011
Anti-Immigrant,1,DC,2010
Anti-Immigrant,1,TX,2010
Anti-Immigrant,1,NV,2010
Anti-Immigrant,1,VA,2010
Anti-Immigrant,3,CA,2010
Anti-Immigrant,3,AZ,2010
Anti-Immigrant,1,MA,2010
Anti-Immigrant,1,MI,2010
Anti-Immigrant,1,MS,2010
Anti-Immigrant,1,DC,2013
Anti-Immigrant,1,NC,2013
Anti-Immigrant,1,NY,2013
Anti-Immigrant,1,VA,2013
Anti-Immigrant,2,CA,2013
Anti-Immigrant,3,AZ,2013
Anti-Immigrant,1,MA,2013
Anti-Immigrant,1,MI,2013
Anti-Immigrant,1,DC,2012
Anti-Immigrant,1,NC,2012
Anti-Immigrant,1,NY,2012
Anti-Immigrant,1,VA,2012
Anti-Immigrant,2,CA,2012
Anti-Immigrant,1,MA,2012
Anti-Immigrant,3,AZ,2012
Anti-Immigrant,1,MI,2012
Other,5,WA,2002
Other,2,WV,2002
Other,8,FL,2002
Other,1,WY,2002
Other,3,NJ,2002
Other,4,TX,2002
Other,6,LA,2002
Other,4,NC,2002
Other,5,TN,2002
Other,8,NY,2002
Other,4,PA,2002
Other,1,NV,2002
Other,7,VA,2002
Other,1,CO,2002
Other,16,CA,2002
Other,5,AL,2002
Other,2,AR,2002
Other,2,IL,2002
Other,3,GA,2002
Other,2,IN,2002
Other,1,IA,2002
Other,1,MA,2002
Other,3,AZ,2002
Other,1,ID,2002
Other,1,CT,2002
Other,1,MD,2002
Other,1,OK,2002
Other,8,OH,2002
Other,1,--,2002
Other,6,MO,2002
Other,1,MN,2002
Other,3,MI,2002
Other,1,KS,2002
Other,11,MS,2002
Other,4,SC,2002
Other,4,OR,2002
Other,5,WA,2003
Other,1,DE,2003
Other,1,WV,2003
Other,7,FL,2003
Other,3,NJ,2003
Other,6,TX,2003
Other,8,LA,2003
Other,6,NC,2003
Other,4,TN,2003
Other,8,NY,2003
Other,5,PA,2003
Other,1,NV,2003
Other,10,VA,2003
Other,1,CO,2003
Other,13,CA,2003
Other,4,AL,2003
Other,1,AR,2003
Other,2,IL,2003
Other,4,GA,2003
Other,2,IN,2003
Other,2,IA,2003
Other,1,MA,2003
Other,3,AZ,2003
Other,2,ID,2003
Other,1,CT,2003
Other,1,MD,2003
Other,1,OK,2003
Other,7,OH,2003
Other,1,--,2003
Other,7,MO,2003
Other,1,MN,2003
Other,3,MI,2003
Other,1,Al,2003
Other,1,KS,2003
Other,13,MS,2003
Other,5,SC,2003
Other,5,OR,2003
Other,3,WA,2000
Other,1,WV,2000
Other,1,HI,2000
Other,8,FL,2000
Other,1,WY,2000
Other,1,NJ,2000
Other,4,TX,2000
Other,3,LA,2000
Other,3,NC,2000
Other,4,TN,2000
Other,5,NY,2000
Other,3,PA,2000
Other,7,VA,2000
Other,2,CO,2000
Other,4,CA,2000
Other,7,AL,2000
Other,2,AR,2000
Other,2,IL,2000
Other,5,GA,2000
Other,1,IN,2000
Other,1,IA,2000
Other,1,AZ,2000
Other,2,ID,2000
Other,1,ME,2000
Other,1,MD,2000
Other,1,Ak,2000
Other,7,OH,2000
Other,1,--,2000
Other,5,MO,2000
Other,1,MN,2000
Other,4,MI,2000
Other,1,KS,2000
Other,9,MS,2000
Other,1,SC,2000
Other,1,KY,2000
Other,1,OR,2000
Other,3,WA,2001
Other,1,WV,2001
Other,1,HI,2001
Other,9,FL,2001
Other,1,NJ,2001
Other,5,TX,2001
Other,4,LA,2001
Other,4,NC,2001
Other,4,TN,2001
Other,3,NY,2001
Other,2,PA,2001
Other,1,WY,2001
Other,1,AK,2001
Other,7,VA,2001
Other,2,CO,2001
Other,7,CA,2001
Other,4,AL,2001
Other,1,AR,2001
Other,3,IL,2001
Other,4,GA,2001
Other,1,IN,2001
Other,2,IA,2001
Other,2,AZ,2001
Other,1,ID,2001
Other,8,OH,2001
Other,1,--,2001
Other,5,MO,2001
Other,1,MN,2001
Other,2,MI,2001
Other,1,Al,2001
Other,1,KS,2001
Other,8,MS,2001
Other,4,SC,2001
Other,1,KY,2001
Other,4,OR,2001
General/Other,2,FL,2006
General/Other,3,TX,2006
General/Other,2,NY,2006
General/Other,1,NV,2006
General/Other,1,CO,2006
General/Other,7,CA,2006
General/Other,1,IL,2006
General/Other,1,MA,2006
General/Other,1,AZ,2006
General/Other,1,CT,2006
General/Other,1,UT,2006
General/Other,1,MI,2006
General/Other,1,OR,2006
General/Other,1,DC,2007
General/Other,2,FL,2007
General/Other,4,TX,2007
General/Other,2,NY,2007
General/Other,1,PA,2007
General/Other,1,CO,2007
General/Other,9,CA,2007
General/Other,2,AR,2007
General/Other,1,IL,2007
General/Other,1,MA,2007
General/Other,1,AZ,2007
General/Other,1,ID,2007
General/Other,1,CT,2007
General/Other,1,OK,2007
General/Other,1,UT,2007
General/Other,1,MI,2007
General/Other,1,SC,2007
General/Other,1,OR,2007
Other,3,WA,2004
Other,1,DE,2004
Other,1,DC,2004
Other,2,WV,2004
Other,12,FL,2004
Other,1,PA ,2004
Other,4,NJ,2004
Other,6,TX,2004
Other,7,LA,2004
Other,5,NC,2004
Other,7,TN,2004
Other,9,NY,2004
Other,3,PA,2004
Other,1,AK,2004
Other,1,NV,2004
Other,9,VA,2004
Other,4,CO,2004
Other,16,CA,2004
Other,1,OH ,2004
Other,6,AL,2004
Other,1,AR,2004
Other,5,IL,2004
Other,4,GA,2004
Other,2,IN,2004
Other,2,MA,2004
Other,2,AZ,2004
Other,2,ID,2004
Other,1,CT,2004
Other,1,MD,2004
Other,1,OK,2004
Other,4,OH,2004
Other,1,UT,2004
Other,7,MO,2004
Other,1,MN,2004
Other,3,MI,2004
Other,1,KS,2004
Other,14,MS,2004
Other,7,SC,2004
Other,3,OR,2004
Other,3,WA,2005
Other,1,DE,2005
Other,3,DC,2005
Other,1,WI,2005
Other,3,WV,2005
Other,11,FL,2005
Other,1,WY,2005
Other,1,PA ,2005
Other,5,NJ,2005
Other,5,TX,2005
Other,6,LA,2005
Other,5,NC,2005
Other,6,TN,2005
Other,8,NY,2005
Other,1,PA,2005
Other,1,AK,2005
Other,3,NV,2005
Other,11,VA,2005
Other,4,CO,2005
Other,19,CA,2005
Other,1,OH ,2005
Other,7,AL,2005
Other,1,AR,2005
Other,5,IL,2005
Other,6,GA,2005
Other,1,IN,2005
Other,2,MA,2005
Other,4,AZ,2005
Other,2,ID,2005
Other,1,CT,2005
Other,2,MD,2005
Other,1,OK,2005
Other,4,OH,2005
Other,1,UT,2005
Other,6,MO,2005
Other,1,MN,2005
Other,4,MI,2005
Other,1,KS,2005
Other,13,MS,2005
Other,7,SC,2005
Other,3,OR,2005
Other,2,DC,2014
Other,1,WI,2014
Other,5,FL,2014
Other,2,NM,2014
Other,2,TX,2014
Other,1,TN,2014
Other,3,NY,2014
Other,2,PA,2014
Other,1,NV,2014
Other,1,CO,2014
Other,12,CA,2014
Other,4,AR,2014
Other,2,GA,2014
Other,1,MA,2014
Other,3,AZ,2014
Other,1,MD,2014
Other,1,OK,2014
Other,1,OH,2014
Other,1,UT,2014
Other,1,MO,2014
Other,1,OR,2014
Other,1,SD,2014
Other,1,DC,2009
Other,1,WV,2009
Other,2,FL,2009
Other,4,TX,2009
Other,2,LA,2009
Other,3,NY,2009
Other,1,NV,2009
Other,4,CO,2009
Other,7,CA,2009
Other,5,AR,2009
Other,1,IL,2009
Other,1,OK,2009
Other,2,AZ,2009
Other,1,ID,2009
Other,1,UT,2009
Other,1,MI,2009
Other,1,KS,2009
Other,2,SC,2009
Other,1,OR,2009
Other,1,SD,2009
Other,3,DC,2013
Other,1,WI,2013
Other,7,FL,2013
Other,2,TX,2013
Other,1,LA,2013
Other,1,TN,2013
Other,3,NY,2013
Other,2,PA,2013
Other,1,NV,2013
Other,2,CO,2013
Other,15,CA,2013
Other,5,AR,2013
Other,14,GA,2013
Other,1,OK,2013
Other,3,AZ,2013
Other,1,MD,2013
Other,2,OH,2013
Other,1,UT,2013
Other,1,MO,2013
Other,1,OR,2013
Other,1,SD,2013
Other,3,DC,2012
Other,1,WI,2012
Other,1,WV,2012
Other,5,FL,2012
Other,1,NJ,2012
Other,4,TX,2012
Other,2,LA,2012
Other,1,TN,2012
Other,3,NY,2012
Other,2,PA,2012
Other,1,NV,2012
Other,3,CO,2012
Other,17,CA,2012
Other,5,AR,2012
Other,1,IL,2012
Other,15,GA,2012
Other,4,AZ,2012
Other,1,MD,2012
Other,1,OK,2012
Other,1,OH,2012
Other,1,UT,2012
Other,1,MO,2012
Other,1,MI,2012
Other,2,SC,2012
Other,1,OR,2012
Other,2,SD,2012
General/Anti-Gay,1,DC,2006
General/Anti-Gay,1,CO,2006
General/Anti-Gay,2,CA,2006
General/Anti-Gay,1,GA,2006
General/Anti-Gay,1,KS,2006
General/Anti-Gay,1,WA,2007
General/Anti-Gay,1,DC,2007
General/Anti-Gay,1,CO,2007
General/Anti-Gay,3,CA,2007
General/Anti-Gay,1,GA,2007
General/Anti-Gay,1,MA,2007
General/Anti-Gay,1,KS,2007
Anti-Gay,1,WA,2008
Anti-Gay,1,DC,2008
Anti-Gay,1,CO,2008
Anti-Gay,3,CA,2008
Anti-Gay,2,IL,2008
Anti-Gay,1,GA,2008
Anti-Gay,2,MA,2008
Anti-Gay,1,KS,2008
Anti-Gay,1,WA,2009
Anti-Gay,1,DC,2009
Anti-Gay,1,CO,2009
Anti-Gay,3,CA,2009
Anti-Gay,1,IL,2009
Anti-Gay,1,GA,2009
Anti-Gay,1,AZ,2009
Anti-Gay,3,MA,2009
Anti-Gay,2,UT,2009
Anti-Gay,2,DC,2011
Anti-Gay,2,TX,2011
Anti-Gay,1,NY,2011
Anti-Gay,1,VA,2011
Anti-Gay,1,CO,2011
Anti-Gay,3,CA,2011
Anti-Gay,1,AL,2011
Anti-Gay,3,IL,2011
Anti-Gay,2,GA,2011
Anti-Gay,2,MA,2011
Anti-Gay,2,AZ,2011
Anti-Gay,1,OK,2011
Anti-Gay,1,OH,2011
Anti-Gay,2,MN,2011
Anti-Gay,1,KS,2011
Anti-Gay,1,MS,2011
Anti-Gay,1,SC,2011
Anti-Gay,2,DC,2010
Anti-Gay,1,TX,2010
Anti-Gay,1,CO,2010
Anti-Gay,3,CA,2010
Anti-Gay,3,IL,2010
Anti-Gay,1,GA,2010
Anti-Gay,1,AZ,2010
Anti-Gay,2,MA,2010
Anti-Gay,1,UT,2010
Anti-Gay,1,KS,2010
Anti-Gay,1,MS,2010
Anti-Gay,2,DC,2012
Anti-Gay,1,WI,2012
Anti-Gay,2,FL,2012
Anti-Gay,1,KS,2012
Anti-Gay,1,TX,2012
Anti-Gay,1,NC,2012
Anti-Gay,2,NY,2012
Anti-Gay,1,PA,2012
Anti-Gay,1,VA,2012
Anti-Gay,2,CO,2012
Anti-Gay,3,CA,2012
Anti-Gay,3,IL,2012
Anti-Gay,2,GA,2012
Anti-Gay,2,MA,2012
Anti-Gay,3,AZ,2012
Anti-Gay,1,OK,2012
Anti-Gay,1,OH,2012
Anti-Gay,2,MN,2012
Anti-Gay,1,MI,2012
Anti-Gay,1,MS,2012
Anti-Gay,1,SC,2012
Anti-Muslim,1,CO,2013
Anti-Muslim,1,DC,2011
Anti-Muslim,1,DC,2013
Anti-Muslim,1,GA,2010
Anti-Muslim,1,GA,2011
Anti-Muslim,1,MI,2015
Anti-Muslim,1,MO,2013
Anti-Muslim,1,MO,2015
Anti-Muslim,1,NC,2010
Anti-Muslim,1,NC,2011
Anti-Muslim,1,PA,2010
Anti-Muslim,1,PA,2011
Anti-Muslim,1,PA,2013
Anti-Muslim,1,WA,2011
Anti-Muslim,1,WA,2013
Anti-Muslim,1,WA,2015
Anti-Muslim,2,CO,2011
Anti-Muslim,2,DC,2015
Anti-Muslim,2,FL,2011
Anti-Muslim,2,FL,2013
Anti-Muslim,2,GA,2013
Anti-Muslim,2,GA,2015
Anti-Muslim,2,NC,2013
Anti-Muslim,2,NM,2011
Anti-Muslim,2,NM,2013
Anti-Muslim,2,NY,2010
Anti-Muslim,2,PA,2015
Anti-Muslim,2,TX,2015
Anti-Muslim,2,VA,2011
Anti-Muslim,2,VA,2013
Anti-Muslim,3,FL,2015
Anti-Muslim,3,TN,2011
Anti-Muslim,3,TN,2013
Anti-Muslim,3,TN,2015
Anti-Muslim,3,VA,2015
Anti-Muslim,7,CA,2011
Anti-Muslim,7,CA,2015
Anti-Muslim,7,NY,2011
Anti-Muslim,7,NY,2015
Anti-Muslim,9,CA,2013
Anti-Muslim,9,NY,2013
Anti-Muslim,1,CO,2012
Anti-Muslim,1,DC,2012
Anti-Muslim,1,DC,2014
Anti-Muslim,1,MO,2012
Anti-Muslim,1,NC,2014
Anti-Muslim,1,PA,2012
Anti-Muslim,1,PA,2014
Anti-Muslim,1,WA,2012
Anti-Muslim,1,WA,2014
Anti-Muslim,2,FL,2014
Anti-Muslim,2,GA,2012
Anti-Muslim,2,GA,2014
Anti-Muslim,2,NC,2012
Anti-Muslim,2,NM,2012
Anti-Muslim,2,VA,2012
Anti-Muslim,2,VA,2014
Anti-Muslim,3,FL,2012
Anti-Muslim,3,TN,2012
Anti-Muslim,3,TN,2014
Anti-Muslim,4,CA,2014
Anti-Muslim,7,NY,2014
Anti-Muslim,8,CA,2012
Anti-Muslim,9,NY,2012