1988,WA,popular,Democratic,933516.0
1988,WA,electoral,Democratic,10.0
1988,WA,popular,New Alliance,3520.0
1988,WA,popular,Libertarian,17240.0
1988,WA,popular,Republican,903835.0
1988,DE,popular,Democratic,108647.0
1988,DE,electoral,Republican,3.0
1988,DE,popular,New Alliance,443.0
1988,DE,popular,Libertarian,1162.0
1988,DE,popular,Republican,139639.0
1988,DC,popular,Democratic,159407.0
1988,DC,electoral,Democratic,3.0
1988,DC,popular,New Alliance,2901.0
1988,DC,popular,Libertarian,554.0
1988,DC,popular,Republican,27590.0
1988,WI,popular,Democratic,1126794.0
1988,WI,electoral,Democratic,11.0
1988,WI,popular,New Alliance,1953.0
1988,WI,popular,Libertarian,5157.0
1988,WI,popular,Republican,1047499.0
1988,WV,popular,Democratic,341016.0
1988,WV,electoral,Democratic,5.0
1988,WV,popular,New Alliance,2230.0
1988,WV,popular,Republican,310065.0
1988,HI,popular,Democratic,192364.0
1988,HI,electoral,Democratic,4.0
1988,HI,popular,New Alliance,1003.0
1988,HI,popular,Libertarian,1999.0
1988,HI,popular,Republican,158625.0
1988,FL,popular,Democratic,1656701.0
1988,FL,electoral,Republican,21.0
1988,FL,popular,New Alliance,6655.0
1988,FL,popular,Libertarian,19796.0
1988,FL,popular,Republican,2618885.0
1988,WY,popular,Democratic,67113.0
1988,WY,electoral,Republican,3.0
1988,WY,popular,New Alliance,545.0
1988,WY,popular,Libertarian,2026.0
1988,WY,popular,Republican,106867.0
1988,NH,popular,Democratic,163696.0
1988,NH,electoral,Republican,4.0
1988,NH,popular,New Alliance,790.0
1988,NH,popular,Libertarian,4502.0
1988,NH,popular,Republican,281537.0
1988,NJ,popular,Democratic,1320352.0
1988,NJ,electoral,Republican,16.0
1988,NJ,popular,New Alliance,5139.0
1988,NJ,popular,Libertarian,8421.0
1988,NJ,popular,Republican,1743192.0
1988,NM,popular,Democratic,244497.0
1988,NM,electoral,Republican,5.0
1988,NM,popular,New Alliance,2237.0
1988,NM,popular,Libertarian,3268.0
1988,NM,popular,Republican,270341.0
1988,TX,popular,Democratic,2352748.0
1988,TX,electoral,Republican,29.0
1988,TX,popular,New Alliance,7208.0
1988,TX,popular,Libertarian,30355.0
1988,TX,popular,Republican,3036829.0
1988,LA,popular,Democratic,734281.0
1988,LA,electoral,Republican,10.0
1988,LA,popular,New Alliance,2355.0
1988,LA,popular,Libertarian,4115.0
1988,LA,popular,Republican,883702.0
1988,NC,popular,Democratic,890167.0
1988,NC,electoral,Republican,13.0
1988,NC,popular,New Alliance,5682.0
1988,NC,popular,Libertarian,1263.0
1988,NC,popular,Republican,1237258.0
1988,ND,popular,Democratic,127739.0
1988,ND,electoral,Republican,3.0
1988,ND,popular,New Alliance,396.0
1988,ND,popular,Libertarian,1315.0
1988,ND,popular,Republican,166559.0
1988,NE,popular,Democratic,259646.0
1988,NE,electoral,Republican,5.0
1988,NE,popular,New Alliance,1743.0
1988,NE,popular,Libertarian,2536.0
1988,NE,popular,Republican,398447.0
1988,TN,popular,Democratic,679794.0
1988,TN,electoral,Republican,11.0
1988,TN,popular,New Alliance,1334.0
1988,TN,popular,Libertarian,2041.0
1988,TN,popular,Republican,947233.0
1988,NY,popular,Democratic,3347882.0
1988,NY,electoral,Democratic,36.0
1988,NY,popular,New Alliance,15845.0
1988,NY,popular,Libertarian,12109.0
1988,NY,popular,Republican,3081871.0
1988,PA,popular,Democratic,2194944.0
1988,PA,electoral,Republican,25.0
1988,PA,popular,New Alliance,4379.0
1988,PA,popular,Libertarian,12051.0
1988,PA,popular,Republican,2300087.0
1988,CA,popular,Democratic,4702233.0
1988,CA,electoral,Republican,47.0
1988,CA,popular,New Alliance,31180.0
1988,CA,popular,Libertarian,70105.0
1988,CA,popular,Republican,5054917.0
1988,NV,popular,Democratic,132738.0
1988,NV,electoral,Republican,4.0
1988,NV,popular,New Alliance,835.0
1988,NV,popular,Libertarian,3520.0
1988,NV,popular,Republican,206040.0
1988,VA,popular,Democratic,859799.0
1988,VA,electoral,Republican,12.0
1988,VA,popular,New Alliance,14312.0
1988,VA,popular,Libertarian,8336.0
1988,VA,popular,Republican,1309162.0
1988,CO,popular,Democratic,621453.0
1988,CO,electoral,Republican,8.0
1988,CO,popular,New Alliance,2539.0
1988,CO,popular,Libertarian,15482.0
1988,CO,popular,Republican,728177.0
1988,AK,popular,Democratic,72584.0
1988,AK,electoral,Republican,3.0
1988,AK,popular,New Alliance,1024.0
1988,AK,popular,Libertarian,5484.0
1988,AK,popular,Republican,119251.0
1988,AL,popular,Democratic,549506.0
1988,AL,electoral,Republican,9.0
1988,AL,popular,New Alliance,3311.0
1988,AL,popular,Libertarian,8460.0
1988,AL,popular,Republican,815576.0
1988,AR,popular,Democratic,349237.0
1988,AR,electoral,Republican,6.0
1988,AR,popular,New Alliance,2161.0
1988,AR,popular,Libertarian,3297.0
1988,AR,popular,Republican,466578.0
1988,VT,popular,Democratic,115775.0
1988,VT,electoral,Republican,3.0
1988,VT,popular,New Alliance,205.0
1988,VT,popular,Libertarian,1003.0
1988,VT,popular,Republican,124331.0
1988,IL,popular,Democratic,2215940.0
1988,IL,electoral,Republican,24.0
1988,IL,popular,New Alliance,10276.0
1988,IL,popular,Libertarian,14944.0
1988,IL,popular,Republican,2310939.0
1988,GA,popular,Democratic,714792.0
1988,GA,electoral,Republican,12.0
1988,GA,popular,New Alliance,5099.0
1988,GA,popular,Libertarian,8435.0
1988,GA,popular,Republican,1081331.0
1988,IN,popular,Democratic,860643.0
1988,IN,electoral,Republican,12.0
1988,IN,popular,New Alliance,10215.0
1988,IN,popular,Republican,1297763.0
1988,IA,popular,Democratic,670557.0
1988,IA,electoral,Democratic,8.0
1988,IA,popular,New Alliance,540.0
1988,IA,popular,Libertarian,2494.0
1988,IA,popular,Republican,545355.0
1988,OK,popular,Democratic,483423.0
1988,OK,electoral,Republican,8.0
1988,OK,popular,New Alliance,2985.0
1988,OK,popular,Libertarian,6261.0
1988,OK,popular,Republican,678367.0
1988,AZ,popular,Democratic,454029.0
1988,AZ,electoral,Republican,7.0
1988,AZ,popular,New Alliance,1662.0
1988,AZ,popular,Libertarian,13351.0
1988,AZ,popular,Republican,702541.0
1988,ID,popular,Democratic,147272.0
1988,ID,electoral,Republican,4.0
1988,ID,popular,New Alliance,2502.0
1988,ID,popular,Libertarian,5313.0
1988,ID,popular,Republican,253881.0
1988,CT,popular,Democratic,676584.0
1988,CT,electoral,Republican,8.0
1988,CT,popular,New Alliance,2491.0
1988,CT,popular,Libertarian,14071.0
1988,CT,popular,Republican,750241.0
1988,ME,popular,Democratic,243569.0
1988,ME,electoral,Republican,4.0
1988,ME,popular,New Alliance,1405.0
1988,ME,popular,Libertarian,2700.0
1988,ME,popular,Republican,307131.0
1988,MD,popular,Democratic,826304.0
1988,MD,electoral,Republican,10.0
1988,MD,popular,New Alliance,5115.0
1988,MD,popular,Libertarian,6748.0
1988,MD,popular,Republican,876167.0
1988,MA,popular,Democratic,1401406.0
1988,MA,electoral,Democratic,13.0
1988,MA,popular,New Alliance,9561.0
1988,MA,popular,Libertarian,24251.0
1988,MA,popular,Republican,1194644.0
1988,OH,popular,Democratic,1939629.0
1988,OH,electoral,Republican,23.0
1988,OH,popular,New Alliance,12017.0
1988,OH,popular,Libertarian,11989.0
1988,OH,popular,Republican,2416549.0
1988,UT,popular,Democratic,207343.0
1988,UT,electoral,Republican,5.0
1988,UT,popular,New Alliance,455.0
1988,UT,popular,Libertarian,7473.0
1988,UT,popular,Republican,428442.0
1988,MO,popular,Democratic,1001619.0
1988,MO,electoral,Republican,11.0
1988,MO,popular,New Alliance,6656.0
1988,MO,popular,Republican,1084953.0
1988,MN,popular,Democratic,1109471.0
1988,MN,electoral,Democratic,10.0
1988,MN,popular,New Alliance,1734.0
1988,MN,popular,Libertarian,5109.0
1988,MN,popular,Republican,962337.0
1988,MI,popular,Democratic,1675783.0
1988,MI,electoral,Republican,20.0
1988,MI,popular,New Alliance,2513.0
1988,MI,popular,Libertarian,18336.0
1988,MI,popular,Republican,1965486.0
1988,US,popular,Democratic,41809476.0
1988,US,electoral,Republican,426.0
1988,US,electoral,Democratic,111.0
1988,US,popular,New Alliance,217221.0
1988,US,popular,Libertarian,431750.0
1988,US,popular,Republican,48886597.0
1988,RI,popular,Democratic,225123.0
1988,RI,electoral,Democratic,4.0
1988,RI,popular,New Alliance,280.0
1988,RI,popular,Libertarian,825.0
1988,RI,popular,Republican,177761.0
1988,KS,popular,Democratic,422636.0
1988,KS,electoral,Republican,7.0
1988,KS,popular,New Alliance,3806.0
1988,KS,popular,Libertarian,12553.0
1988,KS,popular,Republican,554049.0
1988,MT,popular,Democratic,168936.0
1988,MT,electoral,Republican,4.0
1988,MT,popular,New Alliance,1279.0
1988,MT,popular,Libertarian,5047.0
1988,MT,popular,Republican,190412.0
1988,MS,popular,Democratic,363921.0
1988,MS,electoral,Republican,7.0
1988,MS,popular,New Alliance,2155.0
1988,MS,popular,Libertarian,3329.0
1988,MS,popular,Republican,557890.0
1988,SC,popular,Democratic,370554.0
1988,SC,electoral,Republican,8.0
1988,SC,popular,New Alliance,4077.0
1988,SC,popular,Libertarian,4935.0
1988,SC,popular,Republican,606443.0
1988,KY,popular,Democratic,580368.0
1988,KY,electoral,Republican,9.0
1988,KY,popular,New Alliance,1256.0
1988,KY,popular,Libertarian,2118.0
1988,KY,popular,Republican,734281.0
1988,OR,popular,Democratic,616206.0
1988,OR,electoral,Democratic,7.0
1988,OR,popular,New Alliance,6487.0
1988,OR,popular,Libertarian,14811.0
1988,OR,popular,Republican,560126.0
1988,SD,popular,Democratic,145560.0
1988,SD,electoral,Republican,3.0
1988,SD,popular,New Alliance,730.0
1988,SD,popular,Libertarian,1060.0
1988,SD,popular,Republican,165415.0
1992,WA,popular,Reform,541780.0
1992,WA,popular,Democratic,993037.0
1992,WA,electoral,Democratic,11.0
1992,WA,popular,Libertarian,7533.0
1992,WA,popular,Republican,731234.0
1992,DE,popular,Reform,59213.0
1992,DE,popular,Democratic,126054.0
1992,DE,electoral,Democratic,3.0
1992,DE,popular,Libertarian,935.0
1992,DE,popular,Republican,102313.0
1992,DC,popular,Reform,9681.0
1992,DC,popular,Democratic,192619.0
1992,DC,electoral,Democratic,3.0
1992,DC,popular,Libertarian,467.0
1992,DC,popular,Republican,20698.0
1992,WI,popular,Reform,544479.0
1992,WI,popular,Democratic,1041066.0
1992,WI,electoral,Democratic,11.0
1992,WI,popular,Libertarian,2877.0
1992,WI,popular,Republican,930855.0
1992,WV,popular,Reform,108829.0
1992,WV,popular,Democratic,331001.0
1992,WV,electoral,Democratic,5.0
1992,WV,popular,Libertarian,1873.0
1992,WV,popular,Republican,241974.0
1992,HI,popular,Reform,53003.0
1992,HI,popular,Democratic,179310.0
1992,HI,electoral,Democratic,4.0
1992,HI,popular,Libertarian,1119.0
1992,HI,popular,Republican,136822.0
1992,FL,popular,Reform,1053067.0
1992,FL,popular,Democratic,2072698.0
1992,FL,electoral,Republican,25.0
1992,FL,popular,Libertarian,15079.0
1992,FL,popular,Republican,2173310.0
1992,WY,popular,Reform,51263.0
1992,WY,popular,Democratic,68160.0
1992,WY,electoral,Republican,3.0
1992,WY,popular,Libertarian,844.0
1992,WY,popular,Republican,79347.0
1992,NH,popular,Reform,121337.0
1992,NH,popular,Democratic,209040.0
1992,NH,electoral,Democratic,4.0
1992,NH,popular,Libertarian,3548.0
1992,NH,popular,Republican,202484.0
1992,NJ,popular,Reform,521829.0
1992,NJ,popular,Democratic,1436206.0
1992,NJ,electoral,Democratic,15.0
1992,NJ,popular,Libertarian,6822.0
1992,NJ,popular,Republican,1356865.0
1992,NM,popular,Reform,91895.0
1992,NM,popular,Democratic,261617.0
1992,NM,electoral,Democratic,5.0
1992,NM,popular,Libertarian,1615.0
1992,NM,popular,Republican,212824.0
1992,TX,popular,Reform,1354781.0
1992,TX,popular,Democratic,2281815.0
1992,TX,electoral,Republican,32.0
1992,TX,popular,Libertarian,19699.0
1992,TX,popular,Republican,2496071.0
1992,LA,popular,Reform,211478.0
1992,LA,popular,Democratic,815971.0
1992,LA,electoral,Democratic,9.0
1992,LA,popular,Libertarian,3155.0
1992,LA,popular,Republican,733386.0
1992,NC,popular,Reform,357864.0
1992,NC,popular,Democratic,1114042.0
1992,NC,electoral,Republican,14.0
1992,NC,popular,Libertarian,5171.0
1992,NC,popular,Republican,1134661.0
1992,ND,popular,Reform,71084.0
1992,ND,popular,Democratic,99168.0
1992,ND,electoral,Republican,3.0
1992,ND,popular,Libertarian,416.0
1992,ND,popular,Republican,136244.0
1992,NE,popular,Reform,174687.0
1992,NE,popular,Democratic,217344.0
1992,NE,electoral,Republican,5.0
1992,NE,popular,Libertarian,1344.0
1992,NE,popular,Republican,344346.0
1992,TN,popular,Reform,199968.0
1992,TN,popular,Democratic,933521.0
1992,TN,electoral,Democratic,11.0
1992,TN,popular,Libertarian,1847.0
1992,TN,popular,Republican,841300.0
1992,NY,popular,Reform,1090721.0
1992,NY,popular,Democratic,3444450.0
1992,NY,electoral,Democratic,33.0
1992,NY,popular,Libertarian,13451.0
1992,NY,popular,Republican,2346649.0
1992,PA,popular,Reform,902667.0
1992,PA,popular,Democratic,2239164.0
1992,PA,electoral,Democratic,23.0
1992,PA,popular,Libertarian,21477.0
1992,PA,popular,Republican,1791841.0
1992,CA,popular,Reform,2296006.0
1992,CA,popular,Democratic,5121325.0
1992,CA,electoral,Democratic,54.0
1992,CA,popular,Libertarian,48139.0
1992,CA,popular,Republican,3630574.0
1992,NV,popular,Reform,132580.0
1992,NV,popular,Democratic,189148.0
1992,NV,electoral,Democratic,4.0
1992,NV,popular,Libertarian,1835.0
1992,NV,popular,Republican,175828.0
1992,VA,popular,Reform,348639.0
1992,VA,popular,Democratic,1038650.0
1992,VA,electoral,Republican,13.0
1992,VA,popular,Libertarian,5730.0
1992,VA,popular,Republican,1150517.0
1992,CO,popular,Reform,366010.0
1992,CO,popular,Democratic,629681.0
1992,CO,electoral,Democratic,8.0
1992,CO,popular,Libertarian,8669.0
1992,CO,popular,Republican,562850.0
1992,AK,popular,Reform,73481.0
1992,AK,popular,Democratic,78294.0
1992,AK,electoral,Republican,3.0
1992,AK,popular,Libertarian,1378.0
1992,AK,popular,Republican,102000.0
1992,AL,popular,Reform,183109.0
1992,AL,popular,Democratic,690080.0
1992,AL,electoral,Republican,9.0
1992,AL,popular,Libertarian,5737.0
1992,AL,popular,Republican,804283.0
1992,AR,popular,Reform,99132.0
1992,AR,popular,Democratic,505823.0
1992,AR,electoral,Democratic,6.0
1992,AR,popular,Libertarian,1261.0
1992,AR,popular,Republican,337324.0
1992,VT,popular,Reform,65991.0
1992,VT,popular,Democratic,133592.0
1992,VT,electoral,Democratic,3.0
1992,VT,popular,Libertarian,501.0
1992,VT,popular,Republican,88122.0
1992,IL,popular,Reform,840515.0
1992,IL,popular,Democratic,2453350.0
1992,IL,electoral,Democratic,22.0
1992,IL,popular,Libertarian,9218.0
1992,IL,popular,Republican,1734096.0
1992,GA,popular,Reform,309657.0
1992,GA,popular,Democratic,1008966.0
1992,GA,electoral,Democratic,13.0
1992,GA,popular,Libertarian,7110.0
1992,GA,popular,Republican,995252.0
1992,IN,popular,Reform,455934.0
1992,IN,popular,Democratic,848420.0
1992,IN,electoral,Republican,12.0
1992,IN,popular,Libertarian,7936.0
1992,IN,popular,Republican,989375.0
1992,IA,popular,Reform,253468.0
1992,IA,popular,Democratic,586353.0
1992,IA,electoral,Democratic,7.0
1992,IA,popular,Libertarian,1076.0
1992,IA,popular,Republican,504891.0
1992,OK,popular,Reform,319878.0
1992,OK,popular,Democratic,473066.0
1992,OK,electoral,Republican,8.0
1992,OK,popular,Libertarian,4486.0
1992,OK,popular,Republican,592929.0
1992,AZ,popular,Reform,353741.0
1992,AZ,popular,Democratic,543050.0
1992,AZ,electoral,Republican,8.0
1992,AZ,popular,Libertarian,6781.0
1992,AZ,popular,Republican,572086.0
1992,ID,popular,Reform,130395.0
1992,ID,popular,Democratic,137013.0
1992,ID,electoral,Republican,4.0
1992,ID,popular,Libertarian,1167.0
1992,ID,popular,Republican,202645.0
1992,CT,popular,Reform,348771.0
1992,CT,popular,Democratic,682318.0
1992,CT,electoral,Democratic,8.0
1992,CT,popular,Libertarian,5391.0
1992,CT,popular,Republican,578313.0
1992,ME,popular,Reform,206820.0
1992,ME,popular,Democratic,263420.0
1992,ME,electoral,Democratic,4.0
1992,ME,popular,Libertarian,1681.0
1992,ME,popular,Republican,206504.0
1992,MD,popular,Reform,281414.0
1992,MD,popular,Democratic,988571.0
1992,MD,electoral,Democratic,10.0
1992,MD,popular,Libertarian,4715.0
1992,MD,popular,Republican,707094.0
1992,MA,popular,Reform,632312.0
1992,MA,popular,Democratic,1318662.0
1992,MA,electoral,Democratic,12.0
1992,MA,popular,Libertarian,7458.0
1992,MA,popular,Republican,805049.0
1992,OH,popular,Reform,1036426.0
1992,OH,popular,Democratic,1984942.0
1992,OH,electoral,Democratic,21.0
1992,OH,popular,Libertarian,7252.0
1992,OH,popular,Republican,1894310.0
1992,UT,popular,Reform,203400.0
1992,UT,popular,Democratic,183429.0
1992,UT,electoral,Republican,5.0
1992,UT,popular,Libertarian,1900.0
1992,UT,popular,Republican,322632.0
1992,MO,popular,Reform,518741.0
1992,MO,popular,Democratic,1053873.0
1992,MO,electoral,Democratic,11.0
1992,MO,popular,Libertarian,7497.0
1992,MO,popular,Republican,811159.0
1992,MN,popular,Reform,562506.0
1992,MN,popular,Democratic,1020997.0
1992,MN,electoral,Democratic,10.0
1992,MN,popular,Libertarian,3374.0
1992,MN,popular,Republican,747841.0
1992,MI,popular,Reform,824813.0
1992,MI,popular,Democratic,1871182.0
1992,MI,electoral,Democratic,18.0
1992,MI,popular,Libertarian,10175.0
1992,MI,popular,Republican,1554940.0
1992,US,popular,Reform,19743821.0
1992,US,popular,Democratic,44909806.0
1992,US,electoral,Republican,168.0
1992,US,electoral,Democratic,370.0
1992,US,popular,Libertarian,290087.0
1992,US,popular,Republican,39104550.0
1992,RI,popular,Reform,105045.0
1992,RI,popular,Democratic,213299.0
1992,RI,electoral,Democratic,4.0
1992,RI,popular,Libertarian,571.0
1992,RI,popular,Republican,131601.0
1992,KS,popular,Reform,312358.0
1992,KS,popular,Democratic,390434.0
1992,KS,electoral,Republican,6.0
1992,KS,popular,Libertarian,4314.0
1992,KS,popular,Republican,449951.0
1992,MT,popular,Reform,107225.0
1992,MT,popular,Democratic,154507.0
1992,MT,electoral,Democratic,3.0
1992,MT,popular,Libertarian,986.0
1992,MT,popular,Republican,144207.0
1992,MS,popular,Reform,85626.0
1992,MS,popular,Democratic,400258.0
1992,MS,electoral,Republican,7.0
1992,MS,popular,Libertarian,2154.0
1992,MS,popular,Republican,487793.0
1992,SC,popular,Reform,138872.0
1992,SC,popular,Democratic,479514.0
1992,SC,electoral,Republican,8.0
1992,SC,popular,Libertarian,2719.0
1992,SC,popular,Republican,577507.0
1992,KY,popular,Reform,203944.0
1992,KY,popular,Democratic,665104.0
1992,KY,electoral,Democratic,8.0
1992,KY,popular,Libertarian,4513.0
1992,KY,popular,Republican,617178.0
1992,OR,popular,Reform,354091.0
1992,OR,popular,Democratic,621314.0
1992,OR,electoral,Democratic,7.0
1992,OR,popular,Libertarian,4277.0
1992,OR,popular,Republican,475757.0
1992,SD,popular,Reform,73295.0
1992,SD,popular,Democratic,124888.0
1992,SD,electoral,Republican,3.0
1992,SD,popular,Libertarian,814.0
1992,SD,popular,Republican,136718.0
1996,WA,popular,Reform,201003.0
1996,WA,popular,Democratic,1123323.0
1996,WA,electoral,Democratic,11.0
1996,WA,popular,Green,60322.0
1996,WA,popular,Libertarian,12522.0
1996,WA,popular,Republican,840712.0
1996,DE,popular,Reform,28719.0
1996,DE,popular,Democratic,140355.0
1996,DE,electoral,Democratic,3.0
1996,DE,popular,Green,18.0
1996,DE,popular,Libertarian,2052.0
1996,DE,popular,Republican,99062.0
1996,DC,popular,Reform,3611.0
1996,DC,popular,Democratic,158220.0
1996,DC,electoral,Democratic,3.0
1996,DC,popular,Green,4780.0
1996,DC,popular,Libertarian,588.0
1996,DC,popular,Republican,17339.0
1996,WI,popular,Reform,227339.0
1996,WI,popular,Democratic,1071971.0
1996,WI,electoral,Democratic,11.0
1996,WI,popular,Green,28723.0
1996,WI,popular,Libertarian,7929.0
1996,WI,popular,Republican,845029.0
1996,WV,popular,Reform,71639.0
1996,WV,popular,Democratic,327812.0
1996,WV,electoral,Democratic,5.0
1996,WV,popular,Libertarian,3062.0
1996,WV,popular,Republican,233946.0
1996,HI,popular,Reform,27358.0
1996,HI,popular,Democratic,205012.0
1996,HI,electoral,Democratic,4.0
1996,HI,popular,Green,10386.0
1996,HI,popular,Libertarian,2493.0
1996,HI,popular,Republican,113943.0
1996,FL,popular,Reform,483870.0
1996,FL,popular,Democratic,2546870.0
1996,FL,electoral,Democratic,25.0
1996,FL,popular,Green,4101.0
1996,FL,popular,Libertarian,23965.0
1996,FL,popular,Republican,2244536.0
1996,WY,popular,Reform,25928.0
1996,WY,popular,Democratic,77934.0
1996,WY,electoral,Republican,3.0
1996,WY,popular,Libertarian,1739.0
1996,WY,popular,Republican,105388.0
1996,NH,popular,Reform,48390.0
1996,NH,popular,Democratic,246214.0
1996,NH,electoral,Democratic,4.0
1996,NH,popular,Libertarian,4237.0
1996,NH,popular,Republican,196532.0
1996,NJ,popular,Reform,262134.0
1996,NJ,popular,Democratic,1652329.0
1996,NJ,electoral,Democratic,15.0
1996,NJ,popular,Green,32465.0
1996,NJ,popular,Libertarian,14763.0
1996,NJ,popular,Republican,1103078.0
1996,NM,popular,Reform,32257.0
1996,NM,popular,Democratic,273495.0
1996,NM,electoral,Democratic,5.0
1996,NM,popular,Green,13218.0
1996,NM,popular,Libertarian,2996.0
1996,NM,popular,Republican,232751.0
1996,TX,popular,Reform,378537.0
1996,TX,popular,Democratic,2459683.0
1996,TX,electoral,Republican,32.0
1996,TX,popular,Green,4810.0
1996,TX,popular,Libertarian,20256.0
1996,TX,popular,Republican,2736167.0
1996,LA,popular,Reform,123293.0
1996,LA,popular,Democratic,927837.0
1996,LA,electoral,Democratic,9.0
1996,LA,popular,Green,4719.0
1996,LA,popular,Libertarian,7499.0
1996,LA,popular,Republican,712586.0
1996,NC,popular,Reform,168059.0
1996,NC,popular,Democratic,1107849.0
1996,NC,electoral,Republican,14.0
1996,NC,popular,Green,2108.0
1996,NC,popular,Libertarian,8740.0
1996,NC,popular,Republican,1225938.0
1996,ND,popular,Reform,32515.0
1996,ND,popular,Democratic,106905.0
1996,ND,electoral,Republican,3.0
1996,ND,popular,Libertarian,847.0
1996,ND,popular,Republican,125050.0
1996,NE,popular,Reform,71278.0
1996,NE,popular,Democratic,236761.0
1996,NE,electoral,Republican,5.0
1996,NE,popular,Libertarian,2792.0
1996,NE,popular,Republican,363467.0
1996,TN,popular,Reform,105918.0
1996,TN,popular,Democratic,909146.0
1996,TN,electoral,Democratic,11.0
1996,TN,popular,Green,6427.0
1996,TN,popular,Libertarian,5020.0
1996,TN,popular,Republican,863530.0
1996,NY,popular,Reform,503458.0
1996,NY,popular,Democratic,3756177.0
1996,NY,electoral,Democratic,33.0
1996,NY,popular,Green,75956.0
1996,NY,popular,Libertarian,12220.0
1996,NY,popular,Republican,1933492.0
1996,PA,popular,Reform,430984.0
1996,PA,popular,Democratic,2215819.0
1996,PA,electoral,Democratic,23.0
1996,PA,popular,Green,3086.0
1996,PA,popular,Libertarian,28000.0
1996,PA,popular,Republican,1801169.0
1996,CA,popular,Reform,697847.0
1996,CA,popular,Democratic,5119835.0
1996,CA,electoral,Democratic,54.0
1996,CA,popular,Green,237016.0
1996,CA,popular,Libertarian,73600.0
1996,CA,popular,Republican,3828380.0
1996,NV,popular,Reform,43986.0
1996,NV,popular,Democratic,203974.0
1996,NV,electoral,Democratic,4.0
1996,NV,popular,Green,4730.0
1996,NV,popular,Libertarian,4460.0
1996,NV,popular,Republican,199244.0
1996,VA,popular,Reform,159861.0
1996,VA,popular,Democratic,1091060.0
1996,VA,electoral,Republican,13.0
1996,VA,popular,Libertarian,9174.0
1996,VA,popular,Republican,1138350.0
1996,CO,popular,Reform,99629.0
1996,CO,popular,Democratic,671152.0
1996,CO,electoral,Republican,8.0
1996,CO,popular,Green,25070.0
1996,CO,popular,Libertarian,12392.0
1996,CO,popular,Republican,691848.0
1996,AK,popular,Reform,26333.0
1996,AK,popular,Democratic,80380.0
1996,AK,electoral,Republican,3.0
1996,AK,popular,Green,7597.0
1996,AK,popular,Libertarian,2276.0
1996,AK,popular,Republican,122746.0
1996,AL,popular,Reform,92149.0
1996,AL,popular,Democratic,662165.0
1996,AL,electoral,Republican,9.0
1996,AL,popular,Libertarian,5290.0
1996,AL,popular,Republican,769044.0
1996,AR,popular,Reform,69884.0
1996,AR,popular,Democratic,475171.0
1996,AR,electoral,Democratic,6.0
1996,AR,popular,Green,3649.0
1996,AR,popular,Libertarian,3076.0
1996,AR,popular,Republican,325416.0
1996,VT,popular,Reform,31024.0
1996,VT,popular,Democratic,137894.0
1996,VT,electoral,Democratic,3.0
1996,VT,popular,Green,5585.0
1996,VT,popular,Libertarian,1183.0
1996,VT,popular,Republican,80352.0
1996,IL,popular,Reform,346408.0
1996,IL,popular,Democratic,2341744.0
1996,IL,electoral,Democratic,22.0
1996,IL,popular,Green,1447.0
1996,IL,popular,Libertarian,22548.0
1996,IL,popular,Republican,1587021.0
1996,GA,popular,Reform,146337.0
1996,GA,popular,Democratic,1053849.0
1996,GA,electoral,Republican,13.0
1996,GA,popular,Libertarian,17870.0
1996,GA,popular,Republican,1080843.0
1996,IN,popular,Reform,224299.0
1996,IN,popular,Democratic,887424.0
1996,IN,electoral,Republican,12.0
1996,IN,popular,Green,1121.0
1996,IN,popular,Libertarian,15632.0
1996,IN,popular,Republican,1006693.0
1996,IA,popular,Reform,105159.0
1996,IA,popular,Democratic,620258.0
1996,IA,electoral,Democratic,7.0
1996,IA,popular,Green,6550.0
1996,IA,popular,Libertarian,2315.0
1996,IA,popular,Republican,492644.0
1996,OK,popular,Reform,130788.0
1996,OK,popular,Democratic,488105.0
1996,OK,electoral,Republican,8.0
1996,OK,popular,Libertarian,5505.0
1996,OK,popular,Republican,582315.0
1996,AZ,popular,Reform,112072.0
1996,AZ,popular,Democratic,653288.0
1996,AZ,electoral,Democratic,8.0
1996,AZ,popular,Green,2062.0
1996,AZ,popular,Libertarian,14358.0
1996,AZ,popular,Republican,622073.0
1996,ID,popular,Reform,62518.0
1996,ID,popular,Democratic,165443.0
1996,ID,electoral,Republican,4.0
1996,ID,popular,Libertarian,3325.0
1996,ID,popular,Republican,256595.0
1996,CT,popular,Reform,139523.0
1996,CT,popular,Democratic,735740.0
1996,CT,electoral,Democratic,8.0
1996,CT,popular,Green,24321.0
1996,CT,popular,Libertarian,5788.0
1996,CT,popular,Republican,483109.0
1996,ME,popular,Reform,85970.0
1996,ME,popular,Democratic,312788.0
1996,ME,electoral,Democratic,4.0
1996,ME,popular,Green,15279.0
1996,ME,popular,Libertarian,2996.0
1996,ME,popular,Republican,186378.0
1996,MD,popular,Reform,115812.0
1996,MD,popular,Democratic,966207.0
1996,MD,electoral,Democratic,10.0
1996,MD,popular,Green,2606.0
1996,MD,popular,Libertarian,8765.0
1996,MD,popular,Republican,681530.0
1996,MA,popular,Reform,227217.0
1996,MA,popular,Democratic,1571763.0
1996,MA,electoral,Democratic,12.0
1996,MA,popular,Green,4734.0
1996,MA,popular,Libertarian,20426.0
1996,MA,popular,Republican,718107.0
1996,OH,popular,Reform,483207.0
1996,OH,popular,Democratic,2148222.0
1996,OH,electoral,Democratic,21.0
1996,OH,popular,Green,2962.0
1996,OH,popular,Libertarian,12851.0
1996,OH,popular,Republican,1859883.0
1996,UT,popular,Reform,66461.0
1996,UT,popular,Democratic,221633.0
1996,UT,electoral,Republican,5.0
1996,UT,popular,Green,4615.0
1996,UT,popular,Libertarian,4129.0
1996,UT,popular,Republican,361911.0
1996,MO,popular,Reform,217188.0
1996,MO,popular,Democratic,1025935.0
1996,MO,electoral,Democratic,11.0
1996,MO,popular,Green,534.0
1996,MO,popular,Libertarian,10522.0
1996,MO,popular,Republican,890016.0
1996,MN,popular,Reform,257704.0
1996,MN,popular,Democratic,1120438.0
1996,MN,electoral,Democratic,10.0
1996,MN,popular,Green,24908.0
1996,MN,popular,Libertarian,8271.0
1996,MN,popular,Republican,766476.0
1996,MI,popular,Reform,336670.0
1996,MI,popular,Democratic,1989653.0
1996,MI,electoral,Democratic,18.0
1996,MI,popular,Green,2322.0
1996,MI,popular,Libertarian,27670.0
1996,MI,popular,Republican,1481212.0
1996,US,popular,Reform,8085402.0
1996,US,popular,Democratic,47400125.0
1996,US,electoral,Republican,159.0
1996,US,electoral,Democratic,379.0
1996,US,popular,Green,685297.0
1996,US,popular,Libertarian,485798.0
1996,US,popular,Republican,39198755.0
1996,RI,popular,Reform,43723.0
1996,RI,popular,Democratic,233050.0
1996,RI,electoral,Democratic,4.0
1996,RI,popular,Green,6040.0
1996,RI,popular,Libertarian,1109.0
1996,RI,popular,Republican,104683.0
1996,KS,popular,Reform,92639.0
1996,KS,popular,Democratic,387659.0
1996,KS,electoral,Republican,6.0
1996,KS,popular,Green,914.0
1996,KS,popular,Libertarian,4557.0
1996,KS,popular,Republican,583245.0
1996,MT,popular,Reform,55229.0
1996,MT,popular,Democratic,167922.0
1996,MT,electoral,Republican,3.0
1996,MT,popular,Libertarian,2526.0
1996,MT,popular,Republican,179652.0
1996,MS,popular,Reform,52222.0
1996,MS,popular,Democratic,394022.0
1996,MS,electoral,Republican,7.0
1996,MS,popular,Libertarian,2809.0
1996,MS,popular,Republican,439838.0
1996,SC,popular,Reform,64386.0
1996,SC,popular,Democratic,504051.0
1996,SC,electoral,Republican,8.0
1996,SC,popular,Libertarian,4271.0
1996,SC,popular,Republican,573458.0
1996,KY,popular,Reform,120396.0
1996,KY,popular,Democratic,636614.0
1996,KY,electoral,Democratic,8.0
1996,KY,popular,Green,701.0
1996,KY,popular,Libertarian,4009.0
1996,KY,popular,Republican,623283.0
1996,OR,popular,Reform,121221.0
1996,OR,popular,Democratic,649641.0
1996,OR,electoral,Democratic,7.0
1996,OR,popular,Green,49415.0
1996,OR,popular,Libertarian,8903.0
1996,OR,popular,Republican,538152.0
1996,SD,popular,Reform,31250.0
1996,SD,popular,Democratic,139333.0
1996,SD,electoral,Republican,3.0
1996,SD,popular,Libertarian,1472.0
1996,SD,popular,Republican,150543.0
2000,WA,popular,Reform,7171.0
2000,WA,popular,Democratic,1247652.0
2000,WA,electoral,Democratic,11.0
2000,WA,popular,Green,103002.0
2000,WA,popular,Natural Law,2927.0
2000,WA,popular,Libertarian,13135.0
2000,WA,popular,Constitution,1989.0
2000,WA,popular,Republican,1108864.0
2000,DE,popular,Reform,777.0
2000,DE,popular,Democratic,180068.0
2000,DE,electoral,Democratic,3.0
2000,DE,popular,Green,8307.0
2000,DE,popular,Natural Law,107.0
2000,DE,popular,Libertarian,774.0
2000,DE,popular,Constitution,208.0
2000,DE,popular,Republican,137288.0
2000,DC,popular,Democratic,171923.0
2000,DC,electoral,Democratic,2.0
2000,DC,popular,Green,10576.0
2000,DC,popular,Libertarian,669.0
2000,DC,popular,Republican,18073.0
2000,WI,popular,Reform,11471.0
2000,WI,popular,Democratic,1242987.0
2000,WI,electoral,Democratic,11.0
2000,WI,popular,Green,94070.0
2000,WI,popular,Natural Law,853.0
2000,WI,popular,Libertarian,6640.0
2000,WI,popular,Constitution,2042.0
2000,WI,popular,Republican,1237279.0
2000,WV,popular,Reform,3169.0
2000,WV,popular,Democratic,295497.0
2000,WV,electoral,Republican,5.0
2000,WV,popular,Green,10680.0
2000,WV,popular,Natural Law,367.0
2000,WV,popular,Libertarian,1912.0
2000,WV,popular,Constitution,23.0
2000,WV,popular,Republican,336475.0
2000,HI,popular,Reform,1071.0
2000,HI,popular,Democratic,205286.0
2000,HI,electoral,Democratic,4.0
2000,HI,popular,Green,21623.0
2000,HI,popular,Natural Law,306.0
2000,HI,popular,Libertarian,1477.0
2000,HI,popular,Constitution,343.0
2000,HI,popular,Republican,137845.0
2000,FL,popular,Reform,17484.0
2000,FL,popular,Democratic,2912253.0
2000,FL,electoral,Republican,25.0
2000,FL,popular,Green,97488.0
2000,FL,popular,Natural Law,2281.0
2000,FL,popular,Libertarian,16415.0
2000,FL,popular,Constitution,1371.0
2000,FL,popular,Republican,2912790.0
2000,WY,popular,Reform,2724.0
2000,WY,popular,Democratic,60481.0
2000,WY,electoral,Republican,3.0
2000,WY,popular,Green,4625.0
2000,WY,popular,Natural Law,411.0
2000,WY,popular,Libertarian,1443.0
2000,WY,popular,Constitution,720.0
2000,WY,popular,Republican,147947.0
2000,NH,popular,Reform,2615.0
2000,NH,popular,Democratic,266348.0
2000,NH,electoral,Republican,4.0
2000,NH,popular,Green,22198.0
2000,NH,popular,Natural Law,55.0
2000,NH,popular,Libertarian,2757.0
2000,NH,popular,Constitution,328.0
2000,NH,popular,Republican,273559.0
2000,NJ,popular,Reform,6989.0
2000,NJ,popular,Democratic,1788850.0
2000,NJ,electoral,Democratic,15.0
2000,NJ,popular,Green,94554.0
2000,NJ,popular,Natural Law,2215.0
2000,NJ,popular,Libertarian,6312.0
2000,NJ,popular,Constitution,1409.0
2000,NJ,popular,Republican,1284173.0
2000,NM,popular,Reform,1392.0
2000,NM,popular,Democratic,286783.0
2000,NM,electoral,Democratic,5.0
2000,NM,popular,Green,21251.0
2000,NM,popular,Natural Law,361.0
2000,NM,popular,Libertarian,2058.0
2000,NM,popular,Constitution,343.0
2000,NM,popular,Republican,286417.0
2000,TX,popular,Reform,12394.0
2000,TX,popular,Democratic,2433746.0
2000,TX,electoral,Republican,32.0
2000,TX,popular,Green,137994.0
2000,TX,popular,Libertarian,23160.0
2000,TX,popular,Constitution,567.0
2000,TX,popular,Republican,3799639.0
2000,LA,popular,Reform,14356.0
2000,LA,popular,Democratic,792344.0
2000,LA,electoral,Republican,9.0
2000,LA,popular,Green,20473.0
2000,LA,popular,Natural Law,1075.0
2000,LA,popular,Libertarian,2951.0
2000,LA,popular,Constitution,5483.0
2000,LA,popular,Republican,927871.0
2000,NC,popular,Reform,8874.0
2000,NC,popular,Democratic,1257692.0
2000,NC,electoral,Republican,14.0
2000,NC,popular,Libertarian,12307.0
2000,NC,popular,Republican,1631163.0
2000,ND,popular,Reform,7288.0
2000,ND,popular,Democratic,95284.0
2000,ND,electoral,Republican,3.0
2000,ND,popular,Green,9486.0
2000,ND,popular,Natural Law,313.0
2000,ND,popular,Libertarian,660.0
2000,ND,popular,Constitution,373.0
2000,ND,popular,Republican,174852.0
2000,NE,popular,Reform,3646.0
2000,NE,popular,Democratic,231780.0
2000,NE,electoral,Republican,5.0
2000,NE,popular,Green,24540.0
2000,NE,popular,Natural Law,478.0
2000,NE,popular,Libertarian,2245.0
2000,NE,popular,Constitution,468.0
2000,NE,popular,Republican,433862.0
2000,TN,popular,Reform,4250.0
2000,TN,popular,Democratic,981720.0
2000,TN,electoral,Republican,11.0
2000,TN,popular,Green,19781.0
2000,TN,popular,Natural Law,613.0
2000,TN,popular,Libertarian,4284.0
2000,TN,popular,Constitution,1015.0
2000,TN,popular,Republican,1061949.0
2000,NY,popular,Reform,31599.0
2000,NY,popular,Democratic,4107697.0
2000,NY,electoral,Democratic,33.0
2000,NY,popular,Green,244030.0
2000,NY,popular,Natural Law,24361.0
2000,NY,popular,Libertarian,7649.0
2000,NY,popular,Constitution,1498.0
2000,NY,popular,Republican,2403374.0
2000,PA,popular,Reform,16023.0
2000,PA,popular,Democratic,2485967.0
2000,PA,electoral,Democratic,23.0
2000,PA,popular,Green,103392.0
2000,PA,popular,Libertarian,11248.0
2000,PA,popular,Constitution,14428.0
2000,PA,popular,Republican,2281127.0
2000,CA,popular,Reform,44987.0
2000,CA,popular,Democratic,5861203.0
2000,CA,electoral,Democratic,54.0
2000,CA,popular,Green,418707.0
2000,CA,popular,Natural Law,10934.0
2000,CA,popular,Libertarian,45520.0
2000,CA,popular,Constitution,17042.0
2000,CA,popular,Republican,4567429.0
2000,NV,popular,Reform,4747.0
2000,NV,popular,Democratic,279978.0
2000,NV,electoral,Republican,4.0
2000,NV,popular,Green,15008.0
2000,NV,popular,Natural Law,415.0
2000,NV,popular,Libertarian,3311.0
2000,NV,popular,Constitution,621.0
2000,NV,popular,Republican,301575.0
2000,VA,popular,Reform,5455.0
2000,VA,popular,Democratic,1217290.0
2000,VA,electoral,Republican,13.0
2000,VA,popular,Green,59398.0
2000,VA,popular,Natural Law,171.0
2000,VA,popular,Libertarian,15198.0
2000,VA,popular,Constitution,1809.0
2000,VA,popular,Republican,1437490.0
2000,CO,popular,Reform,10465.0
2000,CO,popular,Democratic,738227.0
2000,CO,electoral,Republican,8.0
2000,CO,popular,Green,91434.0
2000,CO,popular,Natural Law,2240.0
2000,CO,popular,Libertarian,12799.0
2000,CO,popular,Constitution,1319.0
2000,CO,popular,Republican,883748.0
2000,AK,popular,Reform,5192.0
2000,AK,popular,Democratic,79004.0
2000,AK,electoral,Republican,3.0
2000,AK,popular,Green,28747.0
2000,AK,popular,Natural Law,919.0
2000,AK,popular,Libertarian,2636.0
2000,AK,popular,Constitution,596.0
2000,AK,popular,Republican,167398.0
2000,AL,popular,Reform,6351.0
2000,AL,popular,Democratic,692611.0
2000,AL,electoral,Republican,9.0
2000,AL,popular,Green,18323.0
2000,AL,popular,Natural Law,447.0
2000,AL,popular,Libertarian,5893.0
2000,AL,popular,Constitution,775.0
2000,AL,popular,Republican,941173.0
2000,AR,popular,Reform,7358.0
2000,AR,popular,Democratic,422768.0
2000,AR,electoral,Republican,6.0
2000,AR,popular,Green,13421.0
2000,AR,popular,Natural Law,1098.0
2000,AR,popular,Libertarian,2781.0
2000,AR,popular,Constitution,1415.0
2000,AR,popular,Republican,472940.0
2000,VT,popular,Reform,2192.0
2000,VT,popular,Democratic,149022.0
2000,VT,electoral,Democratic,3.0
2000,VT,popular,Green,20374.0
2000,VT,popular,Natural Law,219.0
2000,VT,popular,Libertarian,784.0
2000,VT,popular,Constitution,153.0
2000,VT,popular,Republican,119775.0
2000,IL,popular,Reform,16106.0
2000,IL,popular,Democratic,2589026.0
2000,IL,electoral,Democratic,22.0
2000,IL,popular,Green,103759.0
2000,IL,popular,Natural Law,2127.0
2000,IL,popular,Libertarian,11623.0
2000,IL,popular,Constitution,57.0
2000,IL,popular,Republican,2019421.0
2000,GA,popular,Reform,10926.0
2000,GA,popular,Democratic,1116230.0
2000,GA,electoral,Republican,13.0
2000,GA,popular,Green,13432.0
2000,GA,popular,Libertarian,36332.0
2000,GA,popular,Constitution,140.0
2000,GA,popular,Republican,1419720.0
2000,IN,popular,Reform,16959.0
2000,IN,popular,Democratic,901980.0
2000,IN,electoral,Republican,12.0
2000,IN,popular,Green,18531.0
2000,IN,popular,Natural Law,167.0
2000,IN,popular,Libertarian,15530.0
2000,IN,popular,Constitution,200.0
2000,IN,popular,Republican,1245836.0
2000,IA,popular,Reform,5731.0
2000,IA,popular,Democratic,638517.0
2000,IA,electoral,Democratic,7.0
2000,IA,popular,Green,29374.0
2000,IA,popular,Natural Law,2281.0
2000,IA,popular,Libertarian,3209.0
2000,IA,popular,Constitution,613.0
2000,IA,popular,Republican,634373.0
2000,OK,popular,Reform,9014.0
2000,OK,popular,Democratic,474276.0
2000,OK,electoral,Republican,8.0
2000,OK,popular,Libertarian,6602.0
2000,OK,popular,Republican,744337.0
2000,AZ,popular,Reform,12373.0
2000,AZ,popular,Democratic,685341.0
2000,AZ,electoral,Republican,8.0
2000,AZ,popular,Green,45645.0
2000,AZ,popular,Natural Law,1120.0
2000,AZ,popular,Constitution,110.0
2000,AZ,popular,Republican,781652.0
2000,ID,popular,Reform,7615.0
2000,ID,popular,Democratic,138637.0
2000,ID,electoral,Republican,4.0
2000,ID,popular,Green,12292.0
2000,ID,popular,Natural Law,1177.0
2000,ID,popular,Libertarian,3488.0
2000,ID,popular,Constitution,1469.0
2000,ID,popular,Republican,336937.0
2000,CT,popular,Reform,4731.0
2000,CT,popular,Democratic,816015.0
2000,CT,electoral,Democratic,8.0
2000,CT,popular,Green,64452.0
2000,CT,popular,Natural Law,40.0
2000,CT,popular,Libertarian,3484.0
2000,CT,popular,Constitution,9695.0
2000,CT,popular,Republican,561094.0
2000,ME,popular,Reform,4443.0
2000,ME,popular,Democratic,319951.0
2000,ME,electoral,Democratic,4.0
2000,ME,popular,Green,37127.0
2000,ME,popular,Libertarian,3074.0
2000,ME,popular,Constitution,579.0
2000,ME,popular,Republican,286616.0
2000,MD,popular,Reform,4248.0
2000,MD,popular,Democratic,1145782.0
2000,MD,electoral,Democratic,10.0
2000,MD,popular,Green,53768.0
2000,MD,popular,Natural Law,176.0
2000,MD,popular,Libertarian,5310.0
2000,MD,popular,Constitution,919.0
2000,MD,popular,Republican,813797.0
2000,MA,popular,Reform,11149.0
2000,MA,popular,Democratic,1616487.0
2000,MA,electoral,Democratic,12.0
2000,MA,popular,Green,173564.0
2000,MA,popular,Natural Law,2884.0
2000,MA,popular,Libertarian,16366.0
2000,MA,popular,Republican,878502.0
2000,OH,popular,Reform,26724.0
2000,OH,popular,Democratic,2186190.0
2000,OH,electoral,Republican,21.0
2000,OH,popular,Green,117857.0
2000,OH,popular,Natural Law,6169.0
2000,OH,popular,Libertarian,13475.0
2000,OH,popular,Constitution,3823.0
2000,OH,popular,Republican,2351209.0
2000,UT,popular,Reform,9319.0
2000,UT,popular,Democratic,203053.0
2000,UT,electoral,Republican,5.0
2000,UT,popular,Green,35850.0
2000,UT,popular,Natural Law,763.0
2000,UT,popular,Libertarian,3616.0
2000,UT,popular,Constitution,2709.0
2000,UT,popular,Republican,515096.0
2000,MO,popular,Reform,9818.0
2000,MO,popular,Democratic,1111138.0
2000,MO,electoral,Republican,11.0
2000,MO,popular,Green,38515.0
2000,MO,popular,Natural Law,1104.0
2000,MO,popular,Libertarian,7436.0
2000,MO,popular,Constitution,1957.0
2000,MO,popular,Republican,1189924.0
2000,MN,popular,Reform,22166.0
2000,MN,popular,Democratic,1168266.0
2000,MN,electoral,Democratic,10.0
2000,MN,popular,Green,126696.0
2000,MN,popular,Natural Law,2294.0
2000,MN,popular,Libertarian,5282.0
2000,MN,popular,Constitution,3272.0
2000,MN,popular,Republican,1109659.0
2000,MI,popular,Reform,1851.0
2000,MI,popular,Democratic,2170418.0
2000,MI,electoral,Democratic,18.0
2000,MI,popular,Green,84165.0
2000,MI,popular,Natural Law,2426.0
2000,MI,popular,Libertarian,16711.0
2000,MI,popular,Constitution,3791.0
2000,MI,popular,Republican,1953139.0
2000,US,popular,Reform,448895.0
2000,US,popular,Democratic,50999897.0
2000,US,electoral,Republican,271.0
2000,US,electoral,Democratic,266.0
2000,US,popular,Green,2882955.0
2000,US,popular,Natural Law,83714.0
2000,US,popular,Constitution,98020.0
2000,US,popular,Republican,50456002.0
2000,RI,popular,Reform,2273.0
2000,RI,popular,Democratic,249508.0
2000,RI,electoral,Democratic,4.0
2000,RI,popular,Green,25052.0
2000,RI,popular,Natural Law,271.0
2000,RI,popular,Libertarian,742.0
2000,RI,popular,Constitution,97.0
2000,RI,popular,Republican,130555.0
2000,KS,popular,Reform,7370.0
2000,KS,popular,Democratic,399276.0
2000,KS,electoral,Republican,6.0
2000,KS,popular,Green,36086.0
2000,KS,popular,Natural Law,1375.0
2000,KS,popular,Libertarian,4525.0
2000,KS,popular,Constitution,1254.0
2000,KS,popular,Republican,622332.0
2000,MT,popular,Reform,5697.0
2000,MT,popular,Democratic,137126.0
2000,MT,electoral,Republican,3.0
2000,MT,popular,Green,24437.0
2000,MT,popular,Natural Law,675.0
2000,MT,popular,Libertarian,1718.0
2000,MT,popular,Constitution,1155.0
2000,MT,popular,Republican,240178.0
2000,MS,popular,Reform,2265.0
2000,MS,popular,Democratic,404614.0
2000,MS,electoral,Republican,7.0
2000,MS,popular,Green,8122.0
2000,MS,popular,Natural Law,450.0
2000,MS,popular,Libertarian,2009.0
2000,MS,popular,Constitution,3267.0
2000,MS,popular,Republican,572844.0
2000,SC,popular,Reform,3519.0
2000,SC,popular,Democratic,565561.0
2000,SC,electoral,Republican,8.0
2000,SC,popular,Green,20200.0
2000,SC,popular,Natural Law,942.0
2000,SC,popular,Libertarian,4876.0
2000,SC,popular,Constitution,1682.0
2000,SC,popular,Republican,785937.0
2000,KY,popular,Reform,4173.0
2000,KY,popular,Democratic,638898.0
2000,KY,electoral,Republican,8.0
2000,KY,popular,Green,23192.0
2000,KY,popular,Natural Law,1533.0
2000,KY,popular,Libertarian,2896.0
2000,KY,popular,Constitution,923.0
2000,KY,popular,Republican,872492.0
2000,OR,popular,Reform,7063.0
2000,OR,popular,Democratic,720342.0
2000,OR,electoral,Democratic,7.0
2000,OR,popular,Green,77357.0
2000,OR,popular,Natural Law,2574.0
2000,OR,popular,Libertarian,7447.0
2000,OR,popular,Constitution,2189.0
2000,OR,popular,Republican,713577.0
2000,SD,popular,Reform,3322.0
2000,SD,popular,Democratic,118804.0
2000,SD,electoral,Republican,3.0
2000,SD,popular,Libertarian,1662.0
2000,SD,popular,Constitution,1781.0
2000,SD,popular,Republican,190700.0
2004,WA,popular,Reform,23283.0
2004,WA,popular,Democratic,1510201.0
2004,WA,electoral,Democratic,11.0
2004,WA,popular,Green,2974.0
2004,WA,popular,Libertarian,11955.0
2004,WA,popular,Constitution,3922.0
2004,WA,popular,Republican,1304894.0
2004,DE,popular,Reform,2153.0
2004,DE,popular,Democratic,200152.0
2004,DE,electoral,Democratic,3.0
2004,DE,popular,Green,250.0
2004,DE,popular,Libertarian,586.0
2004,DE,popular,Constitution,289.0
2004,DE,popular,Republican,171660.0
2004,DC,popular,Reform,1485.0
2004,DC,popular,Democratic,202970.0
2004,DC,electoral,Democratic,3.0
2004,DC,popular,Green,737.0
2004,DC,popular,Libertarian,502.0
2004,DC,popular,Constitution,0.0
2004,DC,popular,Republican,21256.0
2004,WI,popular,Reform,16390.0
2004,WI,popular,Democratic,1489504.0
2004,WI,electoral,Democratic,10.0
2004,WI,popular,Green,2661.0
2004,WI,popular,Libertarian,6464.0
2004,WI,popular,Constitution,0.0
2004,WI,popular,Republican,1478120.0
2004,WV,popular,Reform,4063.0
2004,WV,popular,Democratic,326541.0
2004,WV,electoral,Republican,5.0
2004,WV,popular,Green,5.0
2004,WV,popular,Libertarian,1405.0
2004,WV,popular,Constitution,82.0
2004,WV,popular,Republican,423778.0
2004,HI,popular,Reform,0.0
2004,HI,popular,Democratic,231708.0
2004,HI,electoral,Democratic,4.0
2004,HI,popular,Green,1737.0
2004,HI,popular,Libertarian,1377.0
2004,HI,popular,Constitution,0.0
2004,HI,popular,Republican,194191.0
2004,FL,popular,Reform,32971.0
2004,FL,popular,Democratic,3583544.0
2004,FL,electoral,Republican,27.0
2004,FL,popular,Green,3917.0
2004,FL,popular,Libertarian,11996.0
2004,FL,popular,Constitution,6626.0
2004,FL,popular,Republican,3964522.0
2004,WY,popular,Reform,2741.0
2004,WY,popular,Democratic,70776.0
2004,WY,electoral,Republican,3.0
2004,WY,popular,Green,0.0
2004,WY,popular,Libertarian,1171.0
2004,WY,popular,Constitution,631.0
2004,WY,popular,Republican,167629.0
2004,NH,popular,Reform,4479.0
2004,NH,popular,Democratic,340511.0
2004,NH,electoral,Democratic,4.0
2004,NH,popular,Green,0.0
2004,NH,popular,Libertarian,372.0
2004,NH,popular,Constitution,161.0
2004,NH,popular,Republican,331237.0
2004,NJ,popular,Reform,19418.0
2004,NJ,popular,Democratic,1911430.0
2004,NJ,electoral,Democratic,15.0
2004,NJ,popular,Green,1807.0
2004,NJ,popular,Libertarian,4514.0
2004,NJ,popular,Constitution,2750.0
2004,NJ,popular,Republican,1670003.0
2004,NM,popular,Reform,4053.0
2004,NM,popular,Democratic,370942.0
2004,NM,electoral,Republican,5.0
2004,NM,popular,Green,1226.0
2004,NM,popular,Libertarian,2382.0
2004,NM,popular,Constitution,771.0
2004,NM,popular,Republican,376930.0
2004,TX,popular,Reform,9159.0
2004,TX,popular,Democratic,2832704.0
2004,TX,electoral,Republican,34.0
2004,TX,popular,Green,1014.0
2004,TX,popular,Libertarian,38787.0
2004,TX,popular,Constitution,1636.0
2004,TX,popular,Republican,4526917.0
2004,LA,popular,Reform,7032.0
2004,LA,popular,Democratic,820299.0
2004,LA,electoral,Republican,9.0
2004,LA,popular,Green,1276.0
2004,LA,popular,Libertarian,2781.0
2004,LA,popular,Constitution,5203.0
2004,LA,popular,Republican,1102169.0
2004,NC,popular,Reform,1805.0
2004,NC,popular,Democratic,1525849.0
2004,NC,electoral,Republican,15.0
2004,NC,popular,Green,108.0
2004,NC,popular,Libertarian,11731.0
2004,NC,popular,Constitution,0.0
2004,NC,popular,Republican,1961166.0
2004,ND,popular,Reform,3756.0
2004,ND,popular,Democratic,111052.0
2004,ND,electoral,Republican,3.0
2004,ND,popular,Green,0.0
2004,ND,popular,Libertarian,851.0
2004,ND,popular,Constitution,514.0
2004,ND,popular,Republican,196651.0
2004,NE,popular,Reform,5698.0
2004,NE,popular,Democratic,254328.0
2004,NE,electoral,Republican,5.0
2004,NE,popular,Green,978.0
2004,NE,popular,Libertarian,2041.0
2004,NE,popular,Constitution,1314.0
2004,NE,popular,Republican,512814.0
2004,TN,popular,Reform,8992.0
2004,TN,popular,Democratic,1036477.0
2004,TN,electoral,Republican,11.0
2004,TN,popular,Green,33.0
2004,TN,popular,Libertarian,4866.0
2004,TN,popular,Constitution,2570.0
2004,TN,popular,Republican,1384375.0
2004,NY,popular,Reform,99873.0
2004,NY,popular,Democratic,4314280.0
2004,NY,electoral,Democratic,31.0
2004,NY,popular,Green,87.0
2004,NY,popular,Libertarian,11607.0
2004,NY,popular,Constitution,207.0
2004,NY,popular,Republican,2962567.0
2004,PA,popular,Reform,2656.0
2004,PA,popular,Democratic,2938095.0
2004,PA,electoral,Democratic,21.0
2004,PA,popular,Green,6319.0
2004,PA,popular,Libertarian,21185.0
2004,PA,popular,Constitution,6318.0
2004,PA,popular,Republican,2793847.0
2004,CA,popular,Reform,20714.0
2004,CA,popular,Democratic,6745485.0
2004,CA,electoral,Democratic,55.0
2004,CA,popular,Green,40771.0
2004,CA,popular,Libertarian,50165.0
2004,CA,popular,Constitution,26645.0
2004,CA,popular,Republican,5509826.0
2004,NV,popular,Reform,4838.0
2004,NV,popular,Democratic,397190.0
2004,NV,electoral,Republican,5.0
2004,NV,popular,Green,853.0
2004,NV,popular,Libertarian,3176.0
2004,NV,popular,Constitution,1152.0
2004,NV,popular,Republican,418690.0
2004,VA,popular,Reform,2393.0
2004,VA,popular,Democratic,1454742.0
2004,VA,electoral,Republican,13.0
2004,VA,popular,Green,104.0
2004,VA,popular,Libertarian,11032.0
2004,VA,popular,Constitution,10161.0
2004,VA,popular,Republican,1716959.0
2004,CO,popular,Reform,12718.0
2004,CO,popular,Democratic,1001732.0
2004,CO,electoral,Republican,9.0
2004,CO,popular,Green,1591.0
2004,CO,popular,Libertarian,7664.0
2004,CO,popular,Constitution,2562.0
2004,CO,popular,Republican,1101255.0
2004,AK,popular,Reform,5069.0
2004,AK,popular,Democratic,111025.0
2004,AK,electoral,Republican,3.0
2004,AK,popular,Green,1058.0
2004,AK,popular,Libertarian,1675.0
2004,AK,popular,Constitution,2092.0
2004,AK,popular,Republican,190889.0
2004,AL,popular,Reform,6701.0
2004,AL,popular,Democratic,693933.0
2004,AL,electoral,Republican,9.0
2004,AL,popular,Green,0.0
2004,AL,popular,Libertarian,3529.0
2004,AL,popular,Constitution,1994.0
2004,AL,popular,Republican,1176394.0
2004,AR,popular,Reform,6171.0
2004,AR,popular,Democratic,469953.0
2004,AR,electoral,Republican,6.0
2004,AR,popular,Green,1488.0
2004,AR,popular,Libertarian,2352.0
2004,AR,popular,Constitution,2083.0
2004,AR,popular,Republican,572898.0
2004,VT,popular,Reform,4494.0
2004,VT,popular,Democratic,184067.0
2004,VT,electoral,Democratic,3.0
2004,VT,popular,Green,0.0
2004,VT,popular,Libertarian,1102.0
2004,VT,popular,Constitution,0.0
2004,VT,popular,Republican,121180.0
2004,IL,popular,Reform,3571.0
2004,IL,popular,Democratic,2891550.0
2004,IL,electoral,Democratic,21.0
2004,IL,popular,Green,241.0
2004,IL,popular,Libertarian,32442.0
2004,IL,popular,Constitution,440.0
2004,IL,popular,Republican,2345946.0
2004,GA,popular,Reform,2231.0
2004,GA,popular,Democratic,1366149.0
2004,GA,electoral,Republican,15.0
2004,GA,popular,Green,228.0
2004,GA,popular,Libertarian,18387.0
2004,GA,popular,Constitution,580.0
2004,GA,popular,Republican,1914254.0
2004,IN,popular,Reform,1328.0
2004,IN,popular,Democratic,969011.0
2004,IN,electoral,Republican,11.0
2004,IN,popular,Green,102.0
2004,IN,popular,Libertarian,18058.0
2004,IN,popular,Constitution,0.0
2004,IN,popular,Republican,1479438.0
2004,IA,popular,Reform,5973.0
2004,IA,popular,Democratic,741898.0
2004,IA,electoral,Republican,7.0
2004,IA,popular,Green,1141.0
2004,IA,popular,Libertarian,2992.0
2004,IA,popular,Constitution,1304.0
2004,IA,popular,Republican,751957.0
2004,OK,popular,Reform,0.0
2004,OK,popular,Democratic,503966.0
2004,OK,electoral,Republican,7.0
2004,OK,popular,Green,0.0
2004,OK,popular,Libertarian,0.0
2004,OK,popular,Constitution,0.0
2004,OK,popular,Republican,959792.0
2004,AZ,popular,Reform,2773.0
2004,AZ,popular,Democratic,893524.0
2004,AZ,electoral,Republican,10.0
2004,AZ,popular,Green,138.0
2004,AZ,popular,Libertarian,11856.0
2004,AZ,popular,Constitution,0.0
2004,AZ,popular,Republican,1104294.0
2004,ID,popular,Reform,1115.0
2004,ID,popular,Democratic,181098.0
2004,ID,electoral,Republican,4.0
2004,ID,popular,Green,58.0
2004,ID,popular,Libertarian,3844.0
2004,ID,popular,Constitution,3084.0
2004,ID,popular,Republican,409235.0
2004,CT,popular,Reform,12969.0
2004,CT,popular,Democratic,857488.0
2004,CT,electoral,Democratic,7.0
2004,CT,popular,Green,9564.0
2004,CT,popular,Libertarian,3367.0
2004,CT,popular,Constitution,1543.0
2004,CT,popular,Republican,693826.0
2004,ME,popular,Reform,8069.0
2004,ME,popular,Democratic,396842.0
2004,ME,electoral,Democratic,4.0
2004,ME,popular,Green,2936.0
2004,ME,popular,Libertarian,1965.0
2004,ME,popular,Constitution,735.0
2004,ME,popular,Republican,330201.0
2004,MD,popular,Reform,11854.0
2004,MD,popular,Democratic,1334493.0
2004,MD,electoral,Democratic,10.0
2004,MD,popular,Green,3632.0
2004,MD,popular,Libertarian,6094.0
2004,MD,popular,Constitution,3421.0
2004,MD,popular,Republican,1024703.0
2004,MA,popular,Reform,4806.0
2004,MA,popular,Democratic,1803800.0
2004,MA,electoral,Democratic,12.0
2004,MA,popular,Green,10623.0
2004,MA,popular,Libertarian,15022.0
2004,MA,popular,Constitution,0.0
2004,MA,popular,Republican,1071109.0
2004,OH,popular,Reform,0.0
2004,OH,popular,Democratic,2741167.0
2004,OH,electoral,Republican,20.0
2004,OH,popular,Green,192.0
2004,OH,popular,Libertarian,14676.0
2004,OH,popular,Constitution,11939.0
2004,OH,popular,Republican,2859768.0
2004,UT,popular,Reform,11305.0
2004,UT,popular,Democratic,241199.0
2004,UT,electoral,Republican,5.0
2004,UT,popular,Green,39.0
2004,UT,popular,Libertarian,3375.0
2004,UT,popular,Constitution,6841.0
2004,UT,popular,Republican,663742.0
2004,MO,popular,Reform,1294.0
2004,MO,popular,Democratic,1259171.0
2004,MO,electoral,Republican,11.0
2004,MO,popular,Green,0.0
2004,MO,popular,Libertarian,9831.0
2004,MO,popular,Constitution,5355.0
2004,MO,popular,Republican,1455713.0
2004,MN,popular,Reform,18683.0
2004,MN,popular,Democratic,1445014.0
2004,MN,electoral,Democratic,9.0
2004,MN,popular,Green,4408.0
2004,MN,popular,Libertarian,4639.0
2004,MN,popular,Constitution,3074.0
2004,MN,popular,Republican,1346695.0
2004,MI,popular,Reform,24035.0
2004,MI,popular,Democratic,2479183.0
2004,MI,electoral,Democratic,17.0
2004,MI,popular,Green,5325.0
2004,MI,popular,Libertarian,10552.0
2004,MI,popular,Constitution,4980.0
2004,MI,popular,Republican,2313746.0
2004,US,popular,Reform,465151.0
2004,US,popular,Democratic,59028444.0
2004,US,electoral,Republican,286.0
2004,US,electoral,Democratic,251.0
2004,US,popular,Green,119859.0
2004,US,popular,Libertarian,397265.0
2004,US,popular,Constitution,143630.0
2004,US,popular,Republican,62040610.0
2004,RI,popular,Reform,4651.0
2004,RI,popular,Democratic,259765.0
2004,RI,electoral,Democratic,4.0
2004,RI,popular,Green,1333.0
2004,RI,popular,Libertarian,907.0
2004,RI,popular,Constitution,339.0
2004,RI,popular,Republican,169046.0
2004,KS,popular,Reform,9348.0
2004,KS,popular,Democratic,434993.0
2004,KS,electoral,Republican,6.0
2004,KS,popular,Green,33.0
2004,KS,popular,Libertarian,4013.0
2004,KS,popular,Constitution,2899.0
2004,KS,popular,Republican,736456.0
2004,MT,popular,Reform,6168.0
2004,MT,popular,Democratic,173710.0
2004,MT,electoral,Republican,3.0
2004,MT,popular,Green,996.0
2004,MT,popular,Libertarian,1733.0
2004,MT,popular,Constitution,1764.0
2004,MT,popular,Republican,266063.0
2004,MS,popular,Reform,3177.0
2004,MS,popular,Democratic,458094.0
2004,MS,electoral,Republican,6.0
2004,MS,popular,Green,1073.0
2004,MS,popular,Libertarian,1793.0
2004,MS,popular,Constitution,1759.0
2004,MS,popular,Republican,684981.0
2004,SC,popular,Reform,5520.0
2004,SC,popular,Democratic,661699.0
2004,SC,electoral,Republican,8.0
2004,SC,popular,Green,1488.0
2004,SC,popular,Libertarian,3608.0
2004,SC,popular,Constitution,5317.0
2004,SC,popular,Republican,937974.0
2004,KY,popular,Reform,8856.0
2004,KY,popular,Democratic,712733.0
2004,KY,electoral,Republican,8.0
2004,KY,popular,Green,0.0
2004,KY,popular,Libertarian,2619.0
2004,KY,popular,Constitution,2213.0
2004,KY,popular,Republican,1069439.0
2004,OR,popular,Reform,0.0
2004,OR,popular,Democratic,943163.0
2004,OR,electoral,Democratic,7.0
2004,OR,popular,Green,5315.0
2004,OR,popular,Libertarian,7260.0
2004,OR,popular,Constitution,5257.0
2004,OR,popular,Republican,866831.0
2004,SD,popular,Reform,4320.0
2004,SD,popular,Democratic,149244.0
2004,SD,electoral,Republican,3.0
2004,SD,popular,Green,0.0
2004,SD,popular,Libertarian,964.0
2004,SD,popular,Constitution,1103.0
2004,SD,popular,Republican,232584.0
2008,WA,popular,Independent,29489.0
2008,WA,popular,Democratic,1750848.0
2008,WA,electoral,Democratic,11.0
2008,WA,popular,Green,3819.0
2008,WA,popular,Libertarian,12728.0
2008,WA,popular,Constitution,9432.0
2008,WA,popular,Republican,1229216.0
2008,DE,popular,Independent,2401.0
2008,DE,popular,Democratic,255459.0
2008,DE,electoral,Democratic,3.0
2008,DE,popular,Green,385.0
2008,DE,popular,Libertarian,1109.0
2008,DE,popular,Constitution,626.0
2008,DE,popular,Republican,152374.0
2008,DC,popular,Independent,958.0
2008,DC,popular,Democratic,245800.0
2008,DC,electoral,Democratic,3.0
2008,DC,popular,Green,590.0
2008,DC,popular,Libertarian,0.0
2008,DC,popular,Constitution,0.0
2008,DC,popular,Republican,17367.0
2008,WI,popular,Independent,17605.0
2008,WI,popular,Democratic,1677211.0
2008,WI,electoral,Democratic,10.0
2008,WI,popular,Green,4216.0
2008,WI,popular,Libertarian,8858.0
2008,WI,popular,Constitution,5072.0
2008,WI,popular,Republican,1262393.0
2008,WV,popular,Independent,7219.0
2008,WV,popular,Democratic,303857.0
2008,WV,electoral,Republican,5.0
2008,WV,popular,Green,2355.0
2008,WV,popular,Libertarian,0.0
2008,WV,popular,Constitution,2465.0
2008,WV,popular,Republican,397466.0
2008,HI,popular,Independent,3825.0
2008,HI,popular,Democratic,325871.0
2008,HI,electoral,Democratic,4.0
2008,HI,popular,Green,979.0
2008,HI,popular,Libertarian,1314.0
2008,HI,popular,Constitution,1013.0
2008,HI,popular,Republican,120566.0
2008,FL,popular,Independent,28124.0
2008,FL,popular,Democratic,4282074.0
2008,FL,electoral,Democratic,27.0
2008,FL,popular,Green,2887.0
2008,FL,popular,Libertarian,17218.0
2008,FL,popular,Constitution,7915.0
2008,FL,popular,Republican,4045624.0
2008,WY,popular,Independent,2525.0
2008,WY,popular,Democratic,82868.0
2008,WY,electoral,Republican,3.0
2008,WY,popular,Green,0.0
2008,WY,popular,Libertarian,1594.0
2008,WY,popular,Constitution,1192.0
2008,WY,popular,Republican,164958.0
2008,NH,popular,Independent,3503.0
2008,NH,popular,Democratic,384826.0
2008,NH,electoral,Democratic,4.0
2008,NH,popular,Green,40.0
2008,NH,popular,Libertarian,2217.0
2008,NH,popular,Constitution,226.0
2008,NH,popular,Republican,316534.0
2008,NJ,popular,Independent,21298.0
2008,NJ,popular,Democratic,2215422.0
2008,NJ,electoral,Democratic,15.0
2008,NJ,popular,Green,3636.0
2008,NJ,popular,Libertarian,8441.0
2008,NJ,popular,Constitution,3956.0
2008,NJ,popular,Republican,1613207.0
2008,NM,popular,Independent,5327.0
2008,NM,popular,Democratic,472422.0
2008,NM,electoral,Democratic,5.0
2008,NM,popular,Green,1552.0
2008,NM,popular,Libertarian,2428.0
2008,NM,popular,Constitution,1597.0
2008,NM,popular,Republican,346832.0
2008,TX,popular,Independent,5751.0
2008,TX,popular,Democratic,3528633.0
2008,TX,electoral,Republican,34.0
2008,TX,popular,Green,909.0
2008,TX,popular,Libertarian,56116.0
2008,TX,popular,Constitution,5708.0
2008,TX,popular,Republican,4479328.0
2008,LA,popular,Independent,6997.0
2008,LA,popular,Democratic,782989.0
2008,LA,electoral,Republican,9.0
2008,LA,popular,Green,9187.0
2008,LA,popular,Libertarian,0.0
2008,LA,popular,Constitution,2581.0
2008,LA,popular,Republican,1148275.0
2008,NC,popular,Independent,1448.0
2008,NC,popular,Democratic,2142651.0
2008,NC,electoral,Democratic,15.0
2008,NC,popular,Green,158.0
2008,NC,popular,Libertarian,25722.0
2008,NC,popular,Constitution,0.0
2008,NC,popular,Republican,2128474.0
2008,ND,popular,Independent,4189.0
2008,ND,popular,Democratic,141278.0
2008,ND,electoral,Republican,3.0
2008,ND,popular,Green,0.0
2008,ND,popular,Libertarian,1354.0
2008,ND,popular,Constitution,1199.0
2008,ND,popular,Republican,168601.0
2008,NE,popular,Independent,5406.0
2008,NE,popular,Democratic,333319.0
2008,NE,electoral,Republican,4.0
2008,NE,electoral,Democratic,1.0
2008,NE,popular,Green,1028.0
2008,NE,popular,Libertarian,2740.0
2008,NE,popular,Constitution,2972.0
2008,NE,popular,Republican,452979.0
2008,TN,popular,Independent,11560.0
2008,TN,popular,Democratic,1087437.0
2008,TN,electoral,Republican,11.0
2008,TN,popular,Green,2499.0
2008,TN,popular,Libertarian,8547.0
2008,TN,popular,Constitution,8191.0
2008,TN,popular,Republican,1479178.0
2008,NY,popular,Independent,41249.0
2008,NY,popular,Democratic,4804945.0
2008,NY,electoral,Democratic,31.0
2008,NY,popular,Green,12801.0
2008,NY,popular,Libertarian,19596.0
2008,NY,popular,Constitution,634.0
2008,NY,popular,Republican,2752771.0
2008,PA,popular,Independent,42977.0
2008,PA,popular,Democratic,3276363.0
2008,PA,electoral,Democratic,21.0
2008,PA,popular,Green,0.0
2008,PA,popular,Libertarian,19912.0
2008,PA,popular,Constitution,1092.0
2008,PA,popular,Republican,2655885.0
2008,CA,popular,Independent,108381.0
2008,CA,popular,Democratic,8274473.0
2008,CA,electoral,Democratic,55.0
2008,CA,popular,Green,38774.0
2008,CA,popular,Libertarian,67582.0
2008,CA,popular,Constitution,3145.0
2008,CA,popular,Republican,5011781.0
2008,NV,popular,Independent,6150.0
2008,NV,popular,Democratic,533736.0
2008,NV,electoral,Democratic,5.0
2008,NV,popular,Green,1411.0
2008,NV,popular,Libertarian,4263.0
2008,NV,popular,Constitution,3194.0
2008,NV,popular,Republican,412827.0
2008,VA,popular,Independent,11483.0
2008,VA,popular,Democratic,1959532.0
2008,VA,electoral,Democratic,13.0
2008,VA,popular,Green,2344.0
2008,VA,popular,Libertarian,11067.0
2008,VA,popular,Constitution,7474.0
2008,VA,popular,Republican,1725005.0
2008,CO,popular,Independent,13352.0
2008,CO,popular,Democratic,1288633.0
2008,CO,electoral,Democratic,9.0
2008,CO,popular,Green,2822.0
2008,CO,popular,Libertarian,10898.0
2008,CO,popular,Constitution,6233.0
2008,CO,popular,Republican,1073629.0
2008,AK,popular,Independent,3783.0
2008,AK,popular,Democratic,123594.0
2008,AK,electoral,Republican,3.0
2008,AK,popular,Green,0.0
2008,AK,popular,Libertarian,1589.0
2008,AK,popular,Constitution,1660.0
2008,AK,popular,Republican,193841.0
2008,AL,popular,Independent,6788.0
2008,AL,popular,Democratic,813479.0
2008,AL,electoral,Republican,9.0
2008,AL,popular,Green,0.0
2008,AL,popular,Libertarian,4991.0
2008,AL,popular,Constitution,4310.0
2008,AL,popular,Republican,1266546.0
2008,AR,popular,Independent,12882.0
2008,AR,popular,Democratic,422310.0
2008,AR,electoral,Republican,6.0
2008,AR,popular,Green,3470.0
2008,AR,popular,Libertarian,4776.0
2008,AR,popular,Constitution,4023.0
2008,AR,popular,Republican,638017.0
2008,VT,popular,Independent,3339.0
2008,VT,popular,Democratic,219262.0
2008,VT,electoral,Democratic,3.0
2008,VT,popular,Green,66.0
2008,VT,popular,Libertarian,1067.0
2008,VT,popular,Constitution,500.0
2008,VT,popular,Republican,98974.0
2008,IL,popular,Independent,30948.0
2008,IL,popular,Democratic,3419348.0
2008,IL,electoral,Democratic,21.0
2008,IL,popular,Green,11838.0
2008,IL,popular,Libertarian,19642.0
2008,IL,popular,Constitution,8256.0
2008,IL,popular,Republican,2031179.0
2008,GA,popular,Independent,1158.0
2008,GA,popular,Democratic,1844123.0
2008,GA,electoral,Republican,15.0
2008,GA,popular,Green,250.0
2008,GA,popular,Libertarian,28731.0
2008,GA,popular,Constitution,1402.0
2008,GA,popular,Republican,2048759.0
2008,IN,popular,Independent,909.0
2008,IN,popular,Democratic,1374039.0
2008,IN,electoral,Democratic,11.0
2008,IN,popular,Green,87.0
2008,IN,popular,Libertarian,29257.0
2008,IN,popular,Constitution,1024.0
2008,IN,popular,Republican,1345648.0
2008,IA,popular,Independent,8014.0
2008,IA,popular,Democratic,828940.0
2008,IA,electoral,Democratic,7.0
2008,IA,popular,Green,1423.0
2008,IA,popular,Libertarian,4590.0
2008,IA,popular,Constitution,4445.0
2008,IA,popular,Republican,682379.0
2008,OK,popular,Independent,0.0
2008,OK,popular,Democratic,502496.0
2008,OK,electoral,Republican,7.0
2008,OK,popular,Green,0.0
2008,OK,popular,Libertarian,0.0
2008,OK,popular,Constitution,0.0
2008,OK,popular,Republican,960165.0
2008,AZ,popular,Independent,11301.0
2008,AZ,popular,Democratic,1034707.0
2008,AZ,electoral,Republican,10.0
2008,AZ,popular,Green,3406.0
2008,AZ,popular,Libertarian,12555.0
2008,AZ,popular,Constitution,1371.0
2008,AZ,popular,Republican,1230111.0
2008,ID,popular,Independent,7175.0
2008,ID,popular,Democratic,236440.0
2008,ID,electoral,Republican,4.0
2008,ID,popular,Green,39.0
2008,ID,popular,Libertarian,3658.0
2008,ID,popular,Constitution,4747.0
2008,ID,popular,Republican,403012.0
2008,CT,popular,Independent,19162.0
2008,CT,popular,Democratic,997772.0
2008,CT,electoral,Democratic,7.0
2008,CT,popular,Green,90.0
2008,CT,popular,Libertarian,0.0
2008,CT,popular,Constitution,311.0
2008,CT,popular,Republican,629428.0
2008,ME,popular,Independent,10636.0
2008,ME,popular,Democratic,421923.0
2008,ME,electoral,Democratic,4.0
2008,ME,popular,Green,2900.0
2008,ME,popular,Libertarian,251.0
2008,ME,popular,Constitution,177.0
2008,ME,popular,Republican,295273.0
2008,MD,popular,Independent,14713.0
2008,MD,popular,Democratic,1629467.0
2008,MD,electoral,Democratic,10.0
2008,MD,popular,Green,4747.0
2008,MD,popular,Libertarian,9842.0
2008,MD,popular,Constitution,3760.0
2008,MD,popular,Republican,959862.0
2008,MA,popular,Independent,28841.0
2008,MA,popular,Democratic,1904097.0
2008,MA,electoral,Democratic,12.0
2008,MA,popular,Green,6550.0
2008,MA,popular,Libertarian,13189.0
2008,MA,popular,Constitution,4971.0
2008,MA,popular,Republican,1108854.0
2008,OH,popular,Independent,42337.0
2008,OH,popular,Democratic,2940044.0
2008,OH,electoral,Democratic,20.0
2008,OH,popular,Green,8518.0
2008,OH,popular,Libertarian,19917.0
2008,OH,popular,Constitution,12565.0
2008,OH,popular,Republican,2677820.0
2008,UT,popular,Independent,8416.0
2008,UT,popular,Democratic,327670.0
2008,UT,electoral,Republican,5.0
2008,UT,popular,Green,982.0
2008,UT,popular,Libertarian,6966.0
2008,UT,popular,Constitution,12012.0
2008,UT,popular,Republican,596030.0
2008,MO,popular,Independent,17813.0
2008,MO,popular,Democratic,1441911.0
2008,MO,electoral,Republican,11.0
2008,MO,popular,Green,80.0
2008,MO,popular,Libertarian,11386.0
2008,MO,popular,Constitution,8201.0
2008,MO,popular,Republican,1445814.0
2008,MN,popular,Independent,30152.0
2008,MN,popular,Democratic,1573354.0
2008,MN,electoral,Democratic,10.0
2008,MN,popular,Green,5174.0
2008,MN,popular,Libertarian,9174.0
2008,MN,popular,Constitution,6787.0
2008,MN,popular,Republican,1275409.0
2008,MI,popular,Independent,33085.0
2008,MI,popular,Democratic,2872579.0
2008,MI,electoral,Democratic,17.0
2008,MI,popular,Green,8892.0
2008,MI,popular,Libertarian,23716.0
2008,MI,popular,Constitution,14685.0
2008,MI,popular,Republican,2048639.0
2008,US,popular,Independent,739034.0
2008,US,popular,Democratic,69498516.0
2008,US,electoral,Republican,173.0
2008,US,electoral,Democratic,365.0
2008,US,popular,Green,161797.0
2008,US,popular,Libertarian,523715.0
2008,US,popular,Constitution,199750.0
2008,US,popular,Republican,59948323.0
2008,RI,popular,Independent,4829.0
2008,RI,popular,Democratic,296571.0
2008,RI,electoral,Democratic,4.0
2008,RI,popular,Green,797.0
2008,RI,popular,Libertarian,1382.0
2008,RI,popular,Constitution,675.0
2008,RI,popular,Republican,165391.0
2008,KS,popular,Independent,10527.0
2008,KS,popular,Democratic,514765.0
2008,KS,electoral,Republican,6.0
2008,KS,popular,Green,35.0
2008,KS,popular,Libertarian,6706.0
2008,KS,popular,Constitution,4148.0
2008,KS,popular,Republican,699655.0
2008,MT,popular,Independent,3686.0
2008,MT,popular,Democratic,231667.0
2008,MT,electoral,Republican,3.0
2008,MT,popular,Green,23.0
2008,MT,popular,Libertarian,1355.0
2008,MT,popular,Constitution,143.0
2008,MT,popular,Republican,242763.0
2008,MS,popular,Independent,4011.0
2008,MS,popular,Democratic,554662.0
2008,MS,electoral,Republican,6.0
2008,MS,popular,Green,1034.0
2008,MS,popular,Libertarian,2529.0
2008,MS,popular,Constitution,2551.0
2008,MS,popular,Republican,724597.0
2008,SC,popular,Independent,5053.0
2008,SC,popular,Democratic,862449.0
2008,SC,electoral,Republican,8.0
2008,SC,popular,Green,4461.0
2008,SC,popular,Libertarian,7283.0
2008,SC,popular,Constitution,6827.0
2008,SC,popular,Republican,1034896.0
2008,KY,popular,Independent,15378.0
2008,KY,popular,Democratic,751985.0
2008,KY,electoral,Republican,8.0
2008,KY,popular,Green,0.0
2008,KY,popular,Libertarian,5989.0
2008,KY,popular,Constitution,4694.0
2008,KY,popular,Republican,1048462.0
2008,OR,popular,Independent,18614.0
2008,OR,popular,Democratic,1037291.0
2008,OR,electoral,Democratic,7.0
2008,OR,popular,Green,4543.0
2008,OR,popular,Libertarian,7635.0
2008,OR,popular,Constitution,7693.0
2008,OR,popular,Republican,738475.0
2008,SD,popular,Independent,4267.0
2008,SD,popular,Democratic,170924.0
2008,SD,electoral,Republican,3.0
2008,SD,popular,Green,0.0
2008,SD,popular,Libertarian,1835.0
2008,SD,popular,Constitution,1895.0
2008,SD,popular,Republican,203054.0
2012,WA,popular,Democratic,1755396.0
2012,WA,electoral,Democratic,12.0
2012,WA,popular,Green,20928.0
2012,WA,popular,Libertarian,42202.0
2012,WA,popular,Republican,1290670.0
2012,DE,popular,Democratic,242584.0
2012,DE,electoral,Democratic,3.0
2012,DE,popular,Green,1940.0
2012,DE,popular,Libertarian,3882.0
2012,DE,popular,Republican,165484.0
2012,DC,popular,Democratic,267070.0
2012,DC,electoral,Democratic,3.0
2012,DC,popular,Green,2458.0
2012,DC,popular,Libertarian,2083.0
2012,DC,popular,Republican,21381.0
2012,WI,popular,Democratic,1620985.0
2012,WI,electoral,Democratic,10.0
2012,WI,popular,Green,7665.0
2012,WI,popular,Libertarian,20439.0
2012,WI,popular,Republican,1407966.0
2012,WV,popular,Democratic,238269.0
2012,WV,electoral,Republican,5.0
2012,WV,popular,Green,4406.0
2012,WV,popular,Libertarian,6302.0
2012,WV,popular,Republican,417655.0
2012,HI,popular,Democratic,306658.0
2012,HI,electoral,Democratic,4.0
2012,HI,popular,Green,3184.0
2012,HI,popular,Libertarian,3840.0
2012,HI,popular,Republican,121015.0
2012,FL,popular,Democratic,4237756.0
2012,FL,electoral,Democratic,29.0
2012,FL,popular,Green,8947.0
2012,FL,popular,Libertarian,44726.0
2012,FL,popular,Republican,4163447.0
2012,WY,popular,Democratic,69286.0
2012,WY,electoral,Republican,3.0
2012,WY,popular,Green,0.0
2012,WY,popular,Libertarian,5326.0
2012,WY,popular,Republican,170962.0
2012,NH,popular,Democratic,369561.0
2012,NH,electoral,Democratic,4.0
2012,NH,popular,Green,324.0
2012,NH,popular,Libertarian,8212.0
2012,NH,popular,Republican,329918.0
2012,NJ,popular,Democratic,2125101.0
2012,NJ,electoral,Democratic,14.0
2012,NJ,popular,Green,9888.0
2012,NJ,popular,Libertarian,21045.0
2012,NJ,popular,Republican,1477568.0
2012,NM,popular,Democratic,415335.0
2012,NM,electoral,Democratic,5.0
2012,NM,popular,Green,2691.0
2012,NM,popular,Libertarian,27788.0
2012,NM,popular,Republican,335788.0
2012,TX,popular,Democratic,3308124.0
2012,TX,electoral,Republican,38.0
2012,TX,popular,Green,24657.0
2012,TX,popular,Libertarian,88580.0
2012,TX,popular,Republican,4569843.0
2012,LA,popular,Democratic,809141.0
2012,LA,electoral,Republican,8.0
2012,LA,popular,Green,6978.0
2012,LA,popular,Libertarian,18157.0
2012,LA,popular,Republican,1152262.0
2012,NC,popular,Democratic,2178391.0
2012,NC,electoral,Republican,15.0
2012,NC,popular,Green,0.0
2012,NC,popular,Libertarian,44515.0
2012,NC,popular,Republican,2270395.0
2012,ND,popular,Democratic,124827.0
2012,ND,electoral,Republican,3.0
2012,ND,popular,Green,1361.0
2012,ND,popular,Libertarian,5231.0
2012,ND,popular,Republican,188163.0
2012,NE,popular,Democratic,302081.0
2012,NE,electoral,Republican,2.0
2012,NE,popular,Green,0.0
2012,NE,popular,Libertarian,11109.0
2012,NE,popular,Republican,475064.0
2012,TN,popular,Democratic,960709.0
2012,TN,electoral,Republican,11.0
2012,TN,popular,Green,6515.0
2012,TN,popular,Libertarian,18623.0
2012,TN,popular,Republican,1462330.0
2012,NY,popular,Democratic,4485741.0
2012,NY,electoral,Democratic,29.0
2012,NY,popular,Green,39982.0
2012,NY,popular,Libertarian,47256.0
2012,NY,popular,Republican,2490431.0
2012,PA,popular,Democratic,2990274.0
2012,PA,electoral,Democratic,20.0
2012,PA,popular,Green,21341.0
2012,PA,popular,Libertarian,49991.0
2012,PA,popular,Republican,2680434.0
2012,CA,popular,Democratic,7854285.0
2012,CA,electoral,Democratic,55.0
2012,CA,popular,Green,85638.0
2012,CA,popular,Libertarian,143221.0
2012,CA,popular,Republican,4839958.0
2012,NV,popular,Democratic,531373.0
2012,NV,electoral,Democratic,6.0
2012,NV,popular,Green,0.0
2012,NV,popular,Libertarian,10968.0
2012,NV,popular,Republican,463567.0
2012,VA,popular,Democratic,1971820.0
2012,VA,electoral,Democratic,13.0
2012,VA,popular,Green,8627.0
2012,VA,popular,Libertarian,31216.0
2012,VA,popular,Republican,1822522.0
2012,CO,popular,Democratic,1323101.0
2012,CO,electoral,Democratic,9.0
2012,CO,popular,Green,7508.0
2012,CO,popular,Libertarian,35545.0
2012,CO,popular,Republican,1185243.0
2012,AK,popular,Democratic,122640.0
2012,AK,electoral,Republican,3.0
2012,AK,popular,Green,2917.0
2012,AK,popular,Libertarian,7392.0
2012,AK,popular,Republican,164676.0
2012,AL,popular,Democratic,795696.0
2012,AL,electoral,Republican,9.0
2012,AL,popular,Green,3397.0
2012,AL,popular,Libertarian,12328.0
2012,AL,popular,Republican,1255925.0
2012,AR,popular,Democratic,394409.0
2012,AR,electoral,Republican,6.0
2012,AR,popular,Green,9305.0
2012,AR,popular,Libertarian,16276.0
2012,AR,popular,Republican,647744.0
2012,VT,popular,Democratic,199239.0
2012,VT,electoral,Democratic,3.0
2012,VT,popular,Green,594.0
2012,VT,popular,Libertarian,3487.0
2012,VT,popular,Republican,92698.0
2012,IL,popular,Democratic,3019512.0
2012,IL,electoral,Democratic,20.0
2012,IL,popular,Green,30222.0
2012,IL,popular,Libertarian,56229.0
2012,IL,popular,Republican,2135216.0
2012,GA,popular,Democratic,1773827.0
2012,GA,electoral,Republican,16.0
2012,GA,popular,Green,1516.0
2012,GA,popular,Libertarian,45324.0
2012,GA,popular,Republican,2078688.0
2012,IN,popular,Democratic,1152887.0
2012,IN,electoral,Republican,11.0
2012,IN,popular,Green,625.0
2012,IN,popular,Libertarian,50111.0
2012,IN,popular,Republican,1420543.0
2012,IA,popular,Democratic,822544.0
2012,IA,electoral,Democratic,6.0
2012,IA,popular,Green,3769.0
2012,IA,popular,Libertarian,12926.0
2012,IA,popular,Republican,730617.0
2012,OK,popular,Democratic,443547.0
2012,OK,electoral,Republican,7.0
2012,OK,popular,Green,0.0
2012,OK,popular,Libertarian,0.0
2012,OK,popular,Republican,891325.0
2012,AZ,popular,Democratic,1025232.0
2012,AZ,electoral,Republican,11.0
2012,AZ,popular,Green,7816.0
2012,AZ,popular,Libertarian,32100.0
2012,AZ,popular,Republican,1233654.0
2012,ID,popular,Democratic,212787.0
2012,ID,electoral,Republican,4.0
2012,ID,popular,Green,4402.0
2012,ID,popular,Libertarian,9453.0
2012,ID,popular,Republican,420911.0
2012,CT,popular,Democratic,905083.0
2012,CT,electoral,Democratic,7.0
2012,CT,popular,Green,863.0
2012,CT,popular,Libertarian,12580.0
2012,CT,popular,Republican,634892.0
2012,ME,popular,Democratic,401306.0
2012,ME,electoral,Democratic,2.0
2012,ME,popular,Green,8119.0
2012,ME,popular,Libertarian,9352.0
2012,ME,popular,Republican,292276.0
2012,MD,popular,Democratic,1677844.0
2012,MD,electoral,Democratic,10.0
2012,MD,popular,Green,17110.0
2012,MD,popular,Libertarian,30195.0
2012,MD,popular,Republican,971869.0
2012,MA,popular,Democratic,1921290.0
2012,MA,electoral,Democratic,11.0
2012,MA,popular,Green,20691.0
2012,MA,popular,Libertarian,30920.0
2012,MA,popular,Republican,1188314.0
2012,OH,popular,Democratic,2827710.0
2012,OH,electoral,Democratic,18.0
2012,OH,popular,Green,18574.0
2012,OH,popular,Libertarian,49493.0
2012,OH,popular,Republican,2661433.0
2012,UT,popular,Democratic,251813.0
2012,UT,electoral,Republican,6.0
2012,UT,popular,Green,3817.0
2012,UT,popular,Libertarian,12572.0
2012,UT,popular,Republican,740600.0
2012,MO,popular,Democratic,1223796.0
2012,MO,electoral,Republican,10.0
2012,MO,popular,Green,0.0
2012,MO,popular,Libertarian,43151.0
2012,MO,popular,Republican,1482440.0
2012,MN,popular,Democratic,1546167.0
2012,MN,electoral,Democratic,10.0
2012,MN,popular,Green,13023.0
2012,MN,popular,Libertarian,35098.0
2012,MN,popular,Republican,1320225.0
2012,MI,popular,Democratic,2564569.0
2012,MI,electoral,Democratic,16.0
2012,MI,popular,Green,21897.0
2012,MI,popular,Libertarian,7774.0
2012,MI,popular,Republican,2115256.0
2012,RI,popular,Democratic,279677.0
2012,RI,electoral,Democratic,4.0
2012,RI,popular,Green,2421.0
2012,RI,popular,Libertarian,4388.0
2012,RI,popular,Republican,157204.0
2012,KS,popular,Democratic,440726.0
2012,KS,electoral,Republican,6.0
2012,KS,popular,Green,714.0
2012,KS,popular,Libertarian,20456.0
2012,KS,popular,Republican,692634.0
2012,MT,popular,Democratic,201839.0
2012,MT,electoral,Republican,3.0
2012,MT,popular,Green,0.0
2012,MT,popular,Libertarian,14165.0
2012,MT,popular,Republican,267928.0
2012,MS,popular,Democratic,562949.0
2012,MS,electoral,Republican,6.0
2012,MS,popular,Green,1588.0
2012,MS,popular,Libertarian,6676.0
2012,MS,popular,Republican,710746.0
2012,SC,popular,Democratic,865941.0
2012,SC,electoral,Republican,9.0
2012,SC,popular,Green,5446.0
2012,SC,popular,Libertarian,16321.0
2012,SC,popular,Republican,1071645.0
2012,KY,popular,Democratic,679370.0
2012,KY,electoral,Republican,8.0
2012,KY,popular,Green,6337.0
2012,KY,popular,Libertarian,17063.0
2012,KY,popular,Republican,1087190.0
2012,OR,popular,Democratic,970488.0
2012,OR,electoral,Democratic,7.0
2012,OR,popular,Green,19427.0
2012,OR,popular,Libertarian,24089.0
2012,OR,popular,Republican,754175.0
2012,SD,popular,Democratic,145039.0
2012,SD,electoral,Republican,3.0
2012,SD,popular,Green,0.0
2012,SD,popular,Libertarian,5795.0
2012,SD,popular,Republican,210610.0
2016,WA,popular,Democratic,1727840.0
2016,WA,electoral,Democratic,12.0
2016,WA,popular,Green,57571.0
2016,WA,popular,Libertarian,160331.0
2016,WA,popular,Republican,1210370.0
2016,DE,popular,Democratic,235603.0
2016,DE,electoral,Democratic,3.0
2016,DE,popular,Green,6103.0
2016,DE,popular,Libertarian,14757.0
2016,DE,popular,Republican,185127.0
2016,DC,popular,Democratic,282830.0
2016,DC,electoral,Democratic,3.0
2016,DC,popular,Green,4258.0
2016,DC,popular,Libertarian,4906.0
2016,DC,popular,Republican,12723.0
2016,WI,popular,Democratic,1383926.0
2016,WI,electoral,Republican,10.0
2016,WI,popular,Green,31016.0
2016,WI,popular,Libertarian,106470.0
2016,WI,popular,Republican,1411432.0
2016,WV,popular,Democratic,187519.0
2016,WV,electoral,Republican,5.0
2016,WV,popular,Green,8016.0
2016,WV,popular,Libertarian,22958.0
2016,WV,popular,Republican,486304.0
2016,HI,popular,Democratic,266891.0
2016,HI,electoral,Democratic,4.0
2016,HI,popular,Green,12737.0
2016,HI,popular,Libertarian,15954.0
2016,HI,popular,Republican,128847.0
2016,FL,popular,Democratic,4504975.0
2016,FL,electoral,Republican,29.0
2016,FL,popular,Green,64399.0
2016,FL,popular,Libertarian,207043.0
2016,FL,popular,Republican,4617886.0
2016,WY,popular,Democratic,55973.0
2016,WY,electoral,Republican,3.0
2016,WY,popular,Green,2515.0
2016,WY,popular,Libertarian,13287.0
2016,WY,popular,Republican,174419.0
2016,NH,popular,Democratic,348526.0
2016,NH,electoral,Democratic,4.0
2016,NH,popular,Green,6465.0
2016,NH,popular,Libertarian,30694.0
2016,NH,popular,Republican,345790.0
2016,NJ,popular,Democratic,1967444.0
2016,NJ,electoral,Democratic,14.0
2016,NJ,popular,Green,37131.0
2016,NJ,popular,Libertarian,72040.0
2016,NJ,popular,Republican,1509688.0
2016,NM,popular,Democratic,380923.0
2016,NM,electoral,Democratic,5.0
2016,NM,popular,Green,9797.0
2016,NM,popular,Libertarian,74544.0
2016,NM,popular,Republican,316134.0
2016,TX,popular,Democratic,3867816.0
2016,TX,electoral,Republican,38.0
2016,TX,popular,Green,71327.0
2016,TX,popular,Libertarian,282655.0
2016,TX,popular,Republican,4681590.0
2016,LA,popular,Democratic,780154.0
2016,LA,electoral,Republican,8.0
2016,LA,popular,Green,14031.0
2016,LA,popular,Libertarian,37978.0
2016,LA,popular,Republican,1178638.0
2016,NC,popular,Democratic,2169496.0
2016,NC,electoral,Republican,15.0
2016,NC,popular,Green,1038.0
2016,NC,popular,Libertarian,129427.0
2016,NC,popular,Republican,2345235.0
2016,ND,popular,Democratic,93758.0
2016,ND,electoral,Republican,3.0
2016,ND,popular,Green,3780.0
2016,ND,popular,Libertarian,21434.0
2016,ND,popular,Republican,216794.0
2016,NE,popular,Democratic,273185.0
2016,NE,electoral,Republican,2.0
2016,NE,popular,Green,8337.0
2016,NE,popular,Libertarian,38264.0
2016,NE,popular,Republican,485372.0
2016,TN,popular,Democratic,868853.0
2016,TN,electoral,Republican,11.0
2016,TN,popular,Green,15952.0
2016,TN,popular,Libertarian,70286.0
2016,TN,popular,Republican,1519926.0
2016,NY,popular,Democratic,4145376.0
2016,NY,electoral,Democratic,29.0
2016,NY,popular,Green,100110.0
2016,NY,popular,Libertarian,162273.0
2016,NY,popular,Republican,2638135.0
2016,PA,popular,Democratic,2869606.0
2016,PA,electoral,Republican,20.0
2016,PA,popular,Green,49223.0
2016,PA,popular,Libertarian,144300.0
2016,PA,popular,Republican,2938420.0
2016,CA,popular,Democratic,8167349.0
2016,CA,electoral,Democratic,55.0
2016,CA,popular,Green,252281.0
2016,CA,popular,Libertarian,446659.0
2016,CA,popular,Republican,4238545.0
2016,NV,popular,Democratic,539260.0
2016,NV,electoral,Democratic,6.0
2016,NV,popular,Libertarian,37384.0
2016,NV,popular,Republican,512058.0
2016,VA,popular,Democratic,1981473.0
2016,VA,electoral,Democratic,13.0
2016,VA,popular,Green,27638.0
2016,VA,popular,Libertarian,118274.0
2016,VA,popular,Republican,1769443.0
2016,CO,popular,Democratic,1331675.0
2016,CO,electoral,Democratic,9.0
2016,CO,popular,Green,38073.0
2016,CO,popular,Libertarian,144083.0
2016,CO,popular,Republican,1196662.0
2016,AK,popular,Democratic,116256.0
2016,AK,electoral,Republican,3.0
2016,AK,popular,Green,5751.0
2016,AK,popular,Libertarian,18782.0
2016,AK,popular,Republican,163199.0
2016,AL,popular,Democratic,725704.0
2016,AL,electoral,Republican,9.0
2016,AL,popular,Green,9341.0
2016,AL,popular,Libertarian,44211.0
2016,AL,popular,Republican,1314431.0
2016,AR,popular,Democratic,380494.0
2016,AR,electoral,Republican,6.0
2016,AR,popular,Green,9473.0
2016,AR,popular,Libertarian,29829.0
2016,AR,popular,Republican,684782.0
2016,VT,popular,Democratic,178573.0
2016,VT,electoral,Democratic,3.0
2016,VT,popular,Green,6758.0
2016,VT,popular,Libertarian,10078.0
2016,VT,popular,Republican,95369.0
2016,IL,popular,Democratic,2977498.0
2016,IL,electoral,Democratic,20.0
2016,IL,popular,Green,74112.0
2016,IL,popular,Libertarian,204491.0
2016,IL,popular,Republican,2118179.0
2016,GA,popular,Democratic,1877963.0
2016,GA,electoral,Republican,16.0
2016,GA,popular,Libertarian,125306.0
2016,GA,popular,Republican,2089104.0
2016,IN,popular,Democratic,1024180.0
2016,IN,electoral,Republican,11.0
2016,IN,popular,Green,1829.0
2016,IN,popular,Libertarian,134180.0
2016,IN,popular,Republican,1544609.0
2016,IA,popular,Democratic,650780.0
2016,IA,electoral,Republican,6.0
2016,IA,popular,Green,11459.0
2016,IA,popular,Libertarian,59182.0
2016,IA,popular,Republican,798923.0
2016,OK,popular,Democratic,420375.0
2016,OK,electoral,Republican,7.0
2016,OK,popular,Libertarian,83481.0
2016,OK,popular,Republican,949136.0
2016,AZ,popular,Democratic,1161167.0
2016,AZ,electoral,Republican,11.0
2016,AZ,popular,Green,34345.0
2016,AZ,popular,Libertarian,106327.0
2016,AZ,popular,Republican,1252401.0
2016,ID,popular,Democratic,190971.0
2016,ID,electoral,Republican,4.0
2016,ID,popular,Green,8524.0
2016,ID,popular,Libertarian,28369.0
2016,ID,popular,Republican,412525.0
2016,CT,popular,Democratic,823360.0
2016,CT,electoral,Democratic,7.0
2016,CT,popular,Green,22810.0
2016,CT,popular,Libertarian,48691.0
2016,CT,popular,Republican,637919.0
2016,ME,popular,Democratic,352156.0
2016,ME,electoral,Democratic,2.0
2016,ME,popular,Green,13995.0
2016,ME,popular,Libertarian,37578.0
2016,ME,popular,Republican,332418.0
2016,MD,popular,Democratic,1502820.0
2016,MD,electoral,Democratic,10.0
2016,MD,popular,Green,33380.0
2016,MD,popular,Libertarian,78225.0
2016,MD,popular,Republican,878615.0
2016,MA,popular,Democratic,1967667.0
2016,MA,electoral,Democratic,11.0
2016,MA,popular,Green,46931.0
2016,MA,popular,Libertarian,136784.0
2016,MA,popular,Republican,1084400.0
2016,OH,popular,Democratic,2320596.0
2016,OH,electoral,Republican,18.0
2016,OH,popular,Green,44310.0
2016,OH,popular,Libertarian,168599.0
2016,OH,popular,Republican,2776683.0
2016,UT,popular,Democratic,222858.0
2016,UT,electoral,Republican,6.0
2016,UT,popular,Green,7695.0
2016,UT,popular,Libertarian,39608.0
2016,UT,popular,Republican,375006.0
2016,MO,popular,Democratic,1054889.0
2016,MO,electoral,Republican,10.0
2016,MO,popular,Green,25086.0
2016,MO,popular,Libertarian,96404.0
2016,MO,popular,Republican,1585753.0
2016,MN,popular,Democratic,1367705.0
2016,MN,electoral,Democratic,10.0
2016,MN,popular,Green,36986.0
2016,MN,popular,Libertarian,112972.0
2016,MN,popular,Republican,1322949.0
2016,MI,popular,Democratic,2268839.0
2016,MI,electoral,Republican,16.0
2016,MI,popular,Green,51463.0
2016,MI,popular,Libertarian,172136.0
2016,MI,popular,Republican,2279543.0
2016,US,popular,Democratic,64634627.0
2016,US,electoral,Republican,306.0
2016,US,electoral,Democratic,232.0
2016,US,popular,Green,1401957.0
2016,US,popular,Libertarian,4428512.0
2016,US,popular,Republican,62434536.0
2016,RI,popular,Democratic,227062.0
2016,RI,electoral,Democratic,4.0
2016,RI,popular,Green,6171.0
2016,RI,popular,Libertarian,14700.0
2016,RI,popular,Republican,166454.0
2016,KS,popular,Democratic,414572.0
2016,KS,electoral,Republican,6.0
2016,KS,popular,Green,22717.0
2016,KS,popular,Libertarian,53648.0
2016,KS,popular,Republican,656470.0
2016,MT,popular,Democratic,174281.0
2016,MT,electoral,Republican,3.0
2016,MT,popular,Green,7868.0
2016,MT,popular,Libertarian,28036.0
2016,MT,popular,Republican,273879.0
2016,MS,popular,Democratic,462127.0
2016,MS,electoral,Republican,6.0
2016,MS,popular,Green,3595.0
2016,MS,popular,Libertarian,14411.0
2016,MS,popular,Republican,678284.0
2016,SC,popular,Democratic,855373.0
2016,SC,electoral,Republican,9.0
2016,SC,popular,Green,13034.0
2016,SC,popular,Libertarian,49204.0
2016,SC,popular,Republican,1155389.0
2016,KY,popular,Democratic,628834.0
2016,KY,electoral,Republican,8.0
2016,KY,popular,Green,13913.0
2016,KY,popular,Libertarian,53749.0
2016,KY,popular,Republican,1202942.0
2016,OR,popular,Democratic,991580.0
2016,OR,electoral,Democratic,7.0
2016,OR,popular,Green,49247.0
2016,OR,popular,Libertarian,93543.0
2016,OR,popular,Republican,774080.0
2016,SD,popular,Democratic,117442.0
2016,SD,electoral,Republican,3.0
2016,SD,popular,Libertarian,20845.0
2016,SD,popular,Republican,227701.0